Item Number,Actual Pin Diameter,Actual Pin Diameter Tolerance,Annealed Head,D Nominal Pin Diameter,H Head Diameter,L Overall Length,Price,
'SP3-142','1/32','0.0307','+.0000/-.0003','14','1/4','Yes','$13.52'
'SP3-6 1/2','1/32','0.0307','+.0000/-.0003','6','1/4','Yes','$9.14'
'SP3-62','1/32','0.0307','+.0000/-.0003','6','1/4','Yes','$9.03'
'SP3-82','1/32','0.0307','+.0000/-.0003','8','1/4','Yes','$9.91'
'SP3-83','1/32','0.0307','+.0000/-.0003','8','1/4','Yes','$11.31'
'SP3-84','1/32','0.0307','+.0000/-.0003','8','1/4','Yes','$11.31'
'SP4-102','3/64','0.0464','+.0000/-.0003','10','1/4','Yes','$5.99'
'SP4-104','3/64','0.0464','+.0000/-.0003','10','1/4','Yes','$7.10'
'SP4-6 1/2','3/64','0.0464','+.0000/-.0003','6','1/4','Yes','$5.35'
'SP4-62','3/64','0.0464','+.0000/-.0003','6','1/4','Yes','$5.04'
'SP4-82','3/64','0.0464','+.0000/-.0003','8','1/4','Yes','$5.81'
'SP4-83','3/64','0.0464','+.0000/-.0003','8','1/4','Yes','$6.34'
'SP4-84','3/64','0.0464','+.0000/-.0003','8','1/4','Yes','$6.34'
'SP5-10 1/2','1/16','0.062','+.0000/-.0003','10','1/4','Yes','$6.11'
'SP5-102','1/16','0.062','+.0000/-.0003','10','1/4','Yes','$5.63'
'SP5-104','1/16','0.062','+.0000/-.0003','10','1/4','Yes','$6.63'
'SP5-142','1/16','0.062','+.0000/-.0003','14','1/4','Yes','$7.69'
'SP5-6 1/2','1/16','0.062','+.0000/-.0003','6','1/4','Yes','$4.94'
'SP5-62','1/16','0.062','+.0000/-.0003','6','1/4','Yes','$4.80'
'SP5-82','1/16','0.062','+.0000/-.0003','8','1/4','Yes','$5.40'
'SP5-83','1/16','0.062','+.0000/-.0003','8','1/4','Yes','$5.92'
'SP5-84','1/16','0.062','+.0000/-.0003','8','1/4','Yes','$5.92'
'SP6-10 1/2','5/64','0.0776','+.0000/-.0003','10','1/4','Yes','$6.11'
'SP6-102','5/64','0.0776','+.0000/-.0003','10','1/4','Yes','$5.63'
'SP6-104','5/64','0.0776','+.0000/-.0003','10','1/4','Yes','$6.63'
'SP6-14 1/2','5/64','0.0776','+.0000/-.0003','14','1/4','Yes','$7.79'
'SP6-142','5/64','0.0776','+.0000/-.0003','14','1/4','Yes','$7.69'
'SP6-6 1/2','5/64','0.0776','+.0000/-.0003','6','1/4','Yes','$4.94'
'SP6-62','5/64','0.0776','+.0000/-.0003','6','1/4','Yes','$4.80'
'SP6-82','5/64','0.0776','+.0000/-.0003','8','1/4','Yes','$5.40'
'SP6-83','5/64','0.0776','+.0000/-.0003','8','1/4','Yes','$5.92'
'SP6-84','5/64','0.0776','+.0000/-.0003','8','1/4','Yes','$5.92'
'SP7-10 1/2','3/32','0.0933','+.0000/-.0003','10','1/4','Yes','$5.70'
'SP7-102','3/32','0.0933','+.0000/-.0003','10','1/4','Yes','$5.40'
'SP7-104','3/32','0.0933','+.0000/-.0003','10','1/4','Yes','$5.92'
'SP7-14 1/2','3/32','0.0933','+.0000/-.0003','14','1/4','Yes','$7.37'
'SP7-142','3/32','0.0933','+.0000/-.0003','14','1/4','Yes','$7.21'
'SP7-6 1/2','3/32','0.0933','+.0000/-.0003','6','1/4','Yes','$4.53'
'SP7-62','3/32','0.0933','+.0000/-.0003','6','1/4','Yes','$4.29'
'SP7-82','3/32','0.0933','+.0000/-.0003','8','1/4','Yes','$4.80'
'SP7-83','3/32','0.0933','+.0000/-.0003','8','1/4','Yes','$5.40'
'SP7-84','3/32','0.0933','+.0000/-.0003','8','1/4','Yes','$5.40'
'SP8-10 1/2','7/64','0.1089','+.0000/-.0003','10','1/4','Yes','$5.70'
'SP8-102','7/64','0.1089','+.0000/-.0003','10','1/4','Yes','$5.04'
'SP8-104','7/64','0.1089','+.0000/-.0003','10','1/4','Yes','$5.92'
'SP8-142','7/64','0.1089','+.0000/-.0003','14','1/4','Yes','$7.21'
'SP8-6 1/2','7/64','0.1089','+.0000/-.0003','6','1/4','Yes','$4.53'
'SP8-62','7/64','0.1089','+.0000/-.0003','6','1/4','Yes','$4.29'
'SP8-82','7/64','0.1089','+.0000/-.0003','8','1/4','Yes','$4.80'
'SP8-83','7/64','0.1089','+.0000/-.0003','8','1/4','Yes','$5.40'
'SP8-84','7/64','0.1089','+.0000/-.0003','8','1/4','Yes','$5.40'
'SP3-142','1/32','0.0307','+.0000/-.0003','14','1/4','Yes','$13.52'
'SP3-6 1/2','1/32','0.0307','+.0000/-.0003','6','1/4','Yes','$9.14'
'SP3-62','1/32','0.0307','+.0000/-.0003','6','1/4','Yes','$9.03'
'SP3-82','1/32','0.0307','+.0000/-.0003','8','1/4','Yes','$9.91'
'SP3-83','1/32','0.0307','+.0000/-.0003','8','1/4','Yes','$11.31'
'SP3-84','1/32','0.0307','+.0000/-.0003','8','1/4','Yes','$11.31'
'SP4-102','3/64','0.0464','+.0000/-.0003','10','1/4','Yes','$5.99'
'SP4-104','3/64','0.0464','+.0000/-.0003','10','1/4','Yes','$7.10'
'SP4-6 1/2','3/64','0.0464','+.0000/-.0003','6','1/4','Yes','$5.35'
'SP4-62','3/64','0.0464','+.0000/-.0003','6','1/4','Yes','$5.04'
'SP4-82','3/64','0.0464','+.0000/-.0003','8','1/4','Yes','$5.81'
'SP4-83','3/64','0.0464','+.0000/-.0003','8','1/4','Yes','$6.34'
'SP4-84','3/64','0.0464','+.0000/-.0003','8','1/4','Yes','$6.34'
'SP5-10 1/2','1/16','0.062','+.0000/-.0003','10','1/4','Yes','$6.11'
'SP5-102','1/16','0.062','+.0000/-.0003','10','1/4','Yes','$5.63'
'SP5-104','1/16','0.062','+.0000/-.0003','10','1/4','Yes','$6.63'
'SP5-142','1/16','0.062','+.0000/-.0003','14','1/4','Yes','$7.69'
'SP5-6 1/2','1/16','0.062','+.0000/-.0003','6','1/4','Yes','$4.94'
'SP5-62','1/16','0.062','+.0000/-.0003','6','1/4','Yes','$4.80'
'SP5-82','1/16','0.062','+.0000/-.0003','8','1/4','Yes','$5.40'
'SP5-83','1/16','0.062','+.0000/-.0003','8','1/4','Yes','$5.92'
'SP5-84','1/16','0.062','+.0000/-.0003','8','1/4','Yes','$5.92'
'SP6-10 1/2','5/64','0.0776','+.0000/-.0003','10','1/4','Yes','$6.11'
'SP6-102','5/64','0.0776','+.0000/-.0003','10','1/4','Yes','$5.63'
'SP6-104','5/64','0.0776','+.0000/-.0003','10','1/4','Yes','$6.63'
'SP6-14 1/2','5/64','0.0776','+.0000/-.0003','14','1/4','Yes','$7.79'
'SP6-142','5/64','0.0776','+.0000/-.0003','14','1/4','Yes','$7.69'
'SP6-6 1/2','5/64','0.0776','+.0000/-.0003','6','1/4','Yes','$4.94'
'SP6-62','5/64','0.0776','+.0000/-.0003','6','1/4','Yes','$4.80'
'SP6-82','5/64','0.0776','+.0000/-.0003','8','1/4','Yes','$5.40'
'SP6-83','5/64','0.0776','+.0000/-.0003','8','1/4','Yes','$5.92'
'SP6-84','5/64','0.0776','+.0000/-.0003','8','1/4','Yes','$5.92'
'SP7-10 1/2','3/32','0.0933','+.0000/-.0003','10','1/4','Yes','$5.70'
'SP7-102','3/32','0.0933','+.0000/-.0003','10','1/4','Yes','$5.40'
'SP7-104','3/32','0.0933','+.0000/-.0003','10','1/4','Yes','$5.92'
'SP7-14 1/2','3/32','0.0933','+.0000/-.0003','14','1/4','Yes','$7.37'
'SP7-142','3/32','0.0933','+.0000/-.0003','14','1/4','Yes','$7.21'
'SP7-6 1/2','3/32','0.0933','+.0000/-.0003','6','1/4','Yes','$4.53'
'SP7-62','3/32','0.0933','+.0000/-.0003','6','1/4','Yes','$4.29'
'SP7-82','3/32','0.0933','+.0000/-.0003','8','1/4','Yes','$4.80'
'SP7-83','3/32','0.0933','+.0000/-.0003','8','1/4','Yes','$5.40'
'SP7-84','3/32','0.0933','+.0000/-.0003','8','1/4','Yes','$5.40'
'SP8-10 1/2','7/64','0.1089','+.0000/-.0003','10','1/4','Yes','$5.70'
'SP8-102','7/64','0.1089','+.0000/-.0003','10','1/4','Yes','$5.04'
'SP8-104','7/64','0.1089','+.0000/-.0003','10','1/4','Yes','$5.92'
'SP8-142','7/64','0.1089','+.0000/-.0003','14','1/4','Yes','$7.21'
'SP8-6 1/2','7/64','0.1089','+.0000/-.0003','6','1/4','Yes','$4.53'
'SP8-62','7/64','0.1089','+.0000/-.0003','6','1/4','Yes','$4.29'
'SP8-82','7/64','0.1089','+.0000/-.0003','8','1/4','Yes','$4.80'
'SP8-83','7/64','0.1089','+.0000/-.0003','8','1/4','Yes','$5.40'
'SP8-84','7/64','0.1089','+.0000/-.0003','8','1/4','Yes','$5.40'
'DSP3-62','0.0307','+.0000/-.0003','Yes','1/32','1/32','1/4','$10.17'
'DSP4-62','0.0464','+.0000/-.0003','Yes','3/64','3/64','1/4','$6.19'
'DSP5-62','0.062','+.0000/-.0003','Yes','1/16','1/16','1/4','$5.94'
'DSP6-62','0.0776','+.0000/-.0003','Yes','5/64','5/64','1/4','$5.94'
'DSP6-83','0.0776','+.0000/-.0003','Yes','5/64','5/64','1/4','$7.00'
'DSP7-62','0.0933','+.0000/-.0003','Yes','3/32','3/32','1/4','$5.42'
'DSP8-102','0.1089','+.0000/-.0003','Yes','7/64','7/64','1/4','$6.19'
'DSP8-62','0.1089','+.0000/-.0003','Yes','7/64','7/64','1/4','$5.42'
'DNP11-10','5/32','0.1557','9/32','10','+.0000 / -.0003','Yes','$4.84'
'DNP11-10T','5/32','0.1557','9/32','10','+.0000 / -.0003','Yes','$4.84'
'DNP11-14','5/32','0.1557','9/32','14','+.0000 / -.0003','Yes','$5.78'
'DNP11-14T','5/32','0.1557','9/32','14','+.0000 / -.0003','Yes','$5.78'
'DNP11-18','5/32','0.1557','9/32','18','+.0000 / -.0003','Yes','$7.25'
'DNP11-18T','5/32','0.1557','9/32','18','+.0000 / -.0003','Yes','$7.25'
'DNP11-25','5/32','0.1557','9/32','25','+.0000 / -.0003','Yes','$12.07'
'DNP11-25T','5/32','0.1557','9/32','25','+.0000 / -.0003','Yes','$12.07'
'DNP11-6','5/32','0.1557','9/32','6','+.0000 / -.0003','Yes','$4.52'
'DNP11-6T','5/32','0.1557','9/32','6','+.0000 / -.0003','Yes','$4.52'
'DNP13-10','3/16','0.187','3/8','10','+.0000 / -.0003','Yes','$5.01'
'DNP13-10T','3/16','0.187','3/8','10','+.0000 / -.0003','Yes','$5.01'
'DNP13-14','3/16','0.187','3/8','14','+.0000 / -.0003','Yes','$5.78'
'DNP13-14T','3/16','0.187','3/8','14','+.0000 / -.0003','Yes','$5.78'
'DNP13-18','3/16','0.187','3/8','18','+.0000 / -.0003','Yes','$7.50'
'DNP13-18T','3/16','0.187','3/8','18','+.0000 / -.0003','Yes','$7.50'
'DNP13-25','3/16','0.187','3/8','25','+.0000 / -.0003','Yes','$9.81'
'DNP13-25T','3/16','0.187','3/8','25','+.0000 / -.0003','Yes','$9.81'
'DNP13-6','3/16','0.187','3/8','6','+.0000 / -.0003','Yes','$4.59'
'DNP13-6T','3/16','0.187','3/8','6','+.0000 / -.0003','Yes','$4.59'
'DNP15-10','7/32','0.2183','13/32','10','+.0000 / -.0003','Yes','$5.88'
'DNP15-10T','7/32','0.2183','13/32','10','+.0000 / -.0003','Yes','$5.88'
'DNP15-25','7/32','0.2183','13/32','25','+.0000 / -.0003','Yes','$6.62'
'DNP17-10','1/4','0.2495','7/16','10','+.0000 / -.0003','Yes','$6.69'
'DNP17-10 OS','1/4','0.2495','7/16','10','+.0000 / -.0003','Yes','$9.73'
'DNP17-10T','1/4','0.2495','7/16','10','+.0000 / -.0003','Yes','$6.69'
'DNP17-14','1/4','0.2495','7/16','14','+.0000 / -.0003','Yes','$7.57'
'DNP17-14T','1/4','0.2495','7/16','14','+.0000 / -.0003','Yes','$7.57'
'DNP17-18','1/4','0.2495','7/16','18','+.0000 / -.0003','Yes','$9.03'
'DNP17-18T','1/4','0.2495','7/16','18','+.0000 / -.0003','Yes','$9.03'
'DNP17-25','1/4','0.2495','7/16','25','+.0000 / -.0003','Yes','$11.67'
'DNP17-25T','1/4','0.2495','7/16','25','+.0000 / -.0003','Yes','$11.67'
'DNP17-6','1/4','0.2495','7/16','6','+.0000 / -.0003','Yes','$5.88'
'DNP17-6T','1/4','0.2495','7/16','6','+.0000 / -.0003','Yes','$5.88'
'DNP21-10','5/16','0.312','1/2','10','+.0000 / -.0003','Yes','$7.84'
'DNP21-10T','5/16','0.312','1/2','10','+.0000 / -.0003','Yes','$7.84'
'DNP21-14','5/16','0.312','1/2','14','+.0000 / -.0003','Yes','$9.06'
'DNP21-14T','5/16','0.312','1/2','14','+.0000 / -.0003','Yes','$9.06'
'DNP21-18','5/16','0.312','1/2','18','+.0000 / -.0003','Yes','$10.76'
'DNP21-18T','5/16','0.312','1/2','18','+.0000 / -.0003','Yes','$10.76'
'DNP21-25','5/16','0.312','1/2','25','+.0000 / -.0003','Yes','$13.76'
'DNP21-25T','5/16','0.312','1/2','25','+.0000 / -.0003','Yes','$13.76'
'DNP21-6','5/16','0.312','1/2','6','+.0000 / -.0003','Yes','$6.72'
'DNP21-6T','5/16','0.312','1/2','6','+.0000 / -.0003','Yes','$6.72'
'DNP25-10','3/8','0.3745','5/8','10','+.0000 / -.0003','Yes','$9.24'
'DNP25-10T','3/8','0.3745','5/8','10','+.0000 / -.0003','Yes','$9.24'
'DNP25-14','3/8','0.3745','5/8','14','+.0000 / -.0003','Yes','$10.76'
'DNP25-14T','3/8','0.3745','5/8','14','+.0000 / -.0003','Yes','$10.76'
'DNP25-18','3/8','0.3745','5/8','18','+.0000 / -.0003','Yes','$13.23'
'DNP25-18T','3/8','0.3745','5/8','18','+.0000 / -.0003','Yes','$13.23'
'DNP25-25','3/8','0.3745','5/8','25','+.0000 / -.0003','Yes','$17.56'
'DNP25-25T','3/8','0.3745','5/8','25','+.0000 / -.0003','Yes','$17.56'
'DNP25-36','3/8','0.3745','5/8','36','+.0000 / -.0003','Yes','$40.48'
'DNP25-6','3/8','0.3745','5/8','6','+.0000 / -.0003','Yes','$7.51'
'DNP25-6T','3/8','0.3745','5/8','6','+.0000 / -.0003','Yes','$7.51'
'DNP29-14','7/16','0.437','11/16','14','+.0000 / -.0003','Yes','$11.48'
'DNP29-14T','7/16','0.437','11/16','14','+.0000 / -.0003','Yes','$11.48'
'DNP29-18','7/16','0.437','11/16','18','+.0000 / -.0003','Yes','$14.53'
'DNP29-18T','7/16','0.437','11/16','18','+.0000 / -.0003','Yes','$14.53'
'DNP29-6','7/16','0.437','11/16','6','+.0000 / -.0003','Yes','$7.85'
'DNP29-6T','7/16','0.437','11/16','6','+.0000 / -.0003','Yes','$7.85'
'DNP33-10','1/2','0.4995','3/4','10','+.0000 / -.0003','Yes','$13.43'
'DNP33-10T','1/2','0.4995','3/4','10','+.0000 / -.0003','Yes','$13.43'
'DNP33-14','1/2','0.4995','3/4','14','+.0000 / -.0003','Yes','$16.30'
'DNP33-14T','1/2','0.4995','3/4','14','+.0000 / -.0003','Yes','$16.30'
'DNP33-18','1/2','0.4995','3/4','18','+.0000 / -.0003','Yes','$20.23'
'DNP33-18T','1/2','0.4995','3/4','18','+.0000 / -.0003','Yes','$20.23'
'DNP33-25','1/2','0.4995','3/4','25','+.0000 / -.0003','Yes','$28.17'
'DNP33-25T','1/2','0.4995','3/4','25','+.0000 / -.0003','Yes','$28.17'
'DNP33-6','1/2','0.4995','3/4','6','+.0000 / -.0003','Yes','$10.91'
'DNP33-6T','1/2','0.4995','3/4','6','+.0000 / -.0003','Yes','$10.91'
'DNP35-14','9/16','0.562','13/16','14','+.0000 / -.0005','Yes','$16.57'
'DNP35-14T','9/16','0.562','13/16','14','+.0000 / -.0005','Yes','$16.57'
'DNP35-25','9/16','0.562','13/16','25','+.0000 / -.0005','Yes','$31.62'
'DNP35-6','9/16','0.562','13/16','6','+.0000 / -.0005','Yes','$10.02'
'DNP35-6T','9/16','0.562','13/16','6','+.0000 / -.0005','Yes','$10.02'
'DNP37-10','5/8','0.6245','7/8','10','+.0000 / -.0005','Yes','$18.85'
'DNP37-10T','5/8','0.6245','7/8','10','+.0000 / -.0005','Yes','$17.50'
'DNP37-14','5/8','0.6245','7/8','14','+.0000 / -.0005','Yes','$21.37'
'DNP37-14T','5/8','0.6245','7/8','14','+.0000 / -.0005','Yes','$21.37'
'DNP37-18','5/8','0.6245','7/8','18','+.0000 / -.0005','Yes','$26.17'
'DNP37-18T','5/8','0.6245','7/8','18','+.0000 / -.0005','Yes','$26.17'
'DNP37-25','5/8','0.6245','7/8','25','+.0000 / -.0005','Yes','$35.40'
'DNP37-25T','5/8','0.6245','7/8','25','+.0000 / -.0005','Yes','$35.40'
'DNP37-36','5/8','0.6245','7/8','36','+.0000 / -.0005','Yes','$61.33'
'DNP37-6','5/8','0.6245','7/8','6','+.0000 / -.0005','Yes','$13.71'
'DNP37-6T','5/8','0.6245','7/8','6','+.0000 / -.0005','Yes','$13.71'
'DNP41-10','3/4','0.7495','1','10','+.0000 / -.0005','Yes','$22.41'
'DNP41-10T','3/4','0.7495','1','10','+.0000 / -.0005','Yes','$22.41'
'DNP41-14','3/4','0.7495','1','14','+.0000 / -.0005','Yes','$27.85'
'DNP41-14T','3/4','0.7495','1','14','+.0000 / -.0005','Yes','$27.85'
'DNP41-18','3/4','0.7495','1','18','+.0000 / -.0005','Yes','$34.43'
'DNP41-18T','3/4','0.7495','1','18','+.0000 / -.0005','Yes','$34.43'
'DNP41-25','3/4','0.7495','1','25','+.0000 / -.0005','Yes','$45.74'
'DNP41-25T','3/4','0.7495','1','25','+.0000 / -.0005','Yes','$45.74'
'DNP41-6','3/4','0.7495','1','6','+.0000 / -.0005','Yes','$17.62'
'DNP41-6T','3/4','0.7495','1','6','+.0000 / -.0005','Yes','$17.62'
'DNP45-14','7/8','0.8745','1.125','14','+.0000 / -.0005','Yes','$33.09'
'DNP45-14T','7/8','0.8745','1.125','14','+.0000 / -.0005','Yes','$33.09'
'DNP45-18','7/8','0.8745','1.125','18','+.0000 / -.0005','Yes','$35.36'
'DNP45-18T','7/8','0.8745','1.125','18','+.0000 / -.0005','Yes','$35.36'
'DNP47-10','1','0.9995','1.25','10','+.0000 / -.0005','Yes','$34.73'
'DNP47-10T','1','0.9995','1.25','10','+.0000 / -.0005','Yes','$34.73'
'DNP47-14','1','0.9995','1.25','14','+.0000 / -.0005','Yes','$42.93'
'DNP47-14T','1','0.9995','1.25','14','+.0000 / -.0005','Yes','$42.93'
'DNP47-18','1','0.9995','1.25','18','+.0000 / -.0005','Yes','$51.63'
'DNP47-18T','1','0.9995','1.25','18','+.0000 / -.0005','Yes','$51.63'
'DNP47-25','1','0.9995','1.25','25','+.0000 / -.0005','Yes','$66.60'
'DNP47-25T','1','0.9995','1.25','25','+.0000 / -.0005','Yes','$66.60'
'DNP47-6','1','0.9995','1.25','6','+.0000 / -.0005','Yes','$26.01'
'DNP47-6T','1','0.9995','1.25','6','+.0000 / -.0005','Yes','$26.01'
'DNP9-10','1/8','0.1245','1/4','10','+.0000 / -.0003','Yes','$4.72'
'DNP9-10T','1/8','0.1245','1/4','10','+.0000 / -.0003','Yes','$4.72'
'DNP9-14','1/8','0.1245','1/4','14','+.0000 / -.0003','Yes','$5.15'
'DNP9-14T','1/8','0.1245','1/4','14','+.0000 / -.0003','Yes','$5.15'
'DNP9-18','1/8','0.1245','1/4','18','+.0000 / -.0003','Yes','$6.00'
'DNP9-25','1/8','0.1245','1/4','25','+.0000 / -.0003','Yes','$13.31'
'DNP9-6','1/8','0.1245','1/4','6','+.0000 / -.0003','Yes','$4.40'
'DNP9-6T','1/8','0.1245','1/4','6','+.0000 / -.0003','Yes','$4.40'
'NP10-10 OS','9/64','0.1451','+.0000/-.0003','.005 oversize','1/4','Yes','$4.18'
'NP11-10 OS','5/32','0.1607','+.0000/-.0003','.005 oversize','9/32','Yes','$3.74'
'NP11-14 OS','5/32','0.1607','+.0000/-.0003','.005 oversize','9/32','Yes','$4.54'
'NP12-10 OS','11/64','0.1764','+.0000/-.0003','.005 oversize','11/32','Yes','$4.41'
'NP13-10 OS','3/16','0.192','+.0000/-.0003','.005 oversize','3/8','Yes','$3.87'
'NP13-14 OS','3/16','0.192','+.0000/-.0003','.005 oversize','3/8','Yes','$4.46'
'NP13-6 OS','3/16','0.192','+.0000/-.0003','.005 oversize','3/8','Yes','$3.19'
'NP15-10 OS','7/32','0.2233','+.0000/-.0003','.005 oversize','13/32','Yes','$4.21'
'NP15-14 OS','7/32','0.2233','+.0000/-.0003','.005 oversize','13/32','Yes','$4.96'
'NP17-10 OS','1/4','0.2545','+.0000/-.0003','.005 oversize','7/16','Yes','$4.50'
'NP17-14 OS','1/4','0.2545','+.0000/-.0003','.005 oversize','7/16','Yes','$5.34'
'NP17-18 OS','1/4','0.2545','+.0000/-.0003','.005 oversize','7/16','Yes','$6.77'
'NP17-6 OS','1/4','0.2545','+.0000/-.0003','.005 oversize','7/16','Yes','$3.65'
'NP18-10 OS','17/64','0.2701','+.0000/-.0003','.005 oversize','7/16','Yes','$5.90'
'NP19-10 OS','9/32','0.2857','+.0000/-.0003','.005 oversize','7/16','Yes','$4.95'
'NP21-10 OS','5/16','0.317','+.0000/-.0003','.005 oversize','1/2','Yes','$5.40'
'NP21-14 OS','5/16','0.317','+.0000/-.0003','.005 oversize','1/2','Yes','$6.63'
'NP21-18 OS','5/16','0.317','+.0000/-.0003','.005 oversize','1/2','Yes','$8.29'
'NP21-6 OS','5/16','0.317','+.0000/-.0003','.005 oversize','1/2','Yes','$4.49'
'NP23-10 OS','11/32','0.3483','+.0000/-.0003','.005 oversize','9/16','Yes','$6.13'
'NP25-10 OS','3/8','0.3795','+.0000/-.0003','.005 oversize','5/8','Yes','$6.76'
'NP25-14 OS','3/8','0.3795','+.0000/-.0003','.005 oversize','5/8','Yes','$8.13'
'NP25-18 OS','3/8','0.3795','+.0000/-.0003','.005 oversize','5/8','Yes','$10.77'
'NP25-25 OS','3/8','0.3795','+.0000/-.0003','.005 oversize','5/8','Yes','$15.03'
'NP25-6 OS','3/8','0.3795','+.0000/-.0003','.005 oversize','5/8','Yes','$6.11'
'NP27-10 OS','13/32','0.4107','+.0000/-.0003','.005 oversize','11/16','Yes','$7.29'
'NP27-14 OS','13/32','0.4107','+.0000/-.0003','.005 oversize','11/16','Yes','$9.24'
'NP29-10 OS','7/16','0.442','+.0000/-.0003','.005 oversize','11/16','Yes','$7.90'
'NP29-14 OS','7/16','0.442','+.0000/-.0003','.005 oversize','11/16','Yes','$10.56'
'NP31-10 OS','15/32','0.4733','+.0000/-.0003','.005 oversize','3/4','Yes','$8.70'
'NP33-10 OS','1/2','0.5045','+.0000/-.0003','.005 oversize','3/4','Yes','$9.46'
'NP33-14 OS','1/2','0.5045','+.0000/-.0003','.005 oversize','3/4','Yes','$12.34'
'NP3-6 OS','1/32','0.0357','+.0000/-.0003','.005 oversize','1/4','Yes','$5.65'
'NP5-6 OS','1/16','0.067','+.0000/-.0003','.005 oversize','1/4','Yes','$3.69'
'NP7-10 OS','3/32','0.0983','+.0000/-.0003','.005 oversize','1/4','Yes','$6.36'
'NP7-6 OS','3/32','0.0983','+.0000/-.0003','.005 oversize','1/4','Yes','$6.17'
'NP8-10 OS','7/64','0.1139','+.0000/-.0003','.005 oversize','1/4','Yes','$6.36'
'NP9-10 OS','1/8','0.1295','+.0000/-.0003','.005 oversize','1/4','Yes','$3.38'
'NP9-14 OS','1/8','0.1295','+.0000/-.0003','.005 oversize','1/4','Yes','$3.82'
'NP9-6 OS','1/8','0.1295','+.0000/-.0003','.005 oversize','1/4','Yes','$2.94'
'ARS3-6 1/2','1/32','0.0307','+.0000/-.0003','6','1/4','Yes','$14.49'
'ARS3-62','1/32','0.0307','+.0000/-.0003','6','1/4','Yes','$14.49'
'ARS3-82','1/32','0.0307','+.0000/-.0003','8','1/4','Yes','$14.49'
'ARS3-83','1/32','0.0307','+.0000/-.0003','8','1/4','Yes','$15.25'
'ARS3-84','1/32','0.0307','+.0000/-.0003','8','1/4','Yes','$16.65'
'ARS4-102','3/64','0.0464','+.0000/-.0003','10','1/4','Yes','$9.74'
'ARS4-104','3/64','0.0464','+.0000/-.0003','10','1/4','Yes','$10.08'
'ARS4-6 1/2','3/64','0.0464','+.0000/-.0003','6','1/4','Yes','$8.12'
'ARS4-62','3/64','0.0464','+.0000/-.0003','6','1/4','Yes','$8.50'
'ARS4-82','3/64','0.0464','+.0000/-.0003','8','1/4','Yes','$8.88'
'ARS4-83','3/64','0.0464','+.0000/-.0003','8','1/4','Yes','$9.63'
'ARS4-84','3/64','0.0464','+.0000/-.0003','8','1/4','Yes','$10.06'
'ARS5-10 1/2','1/16','0.062','+.0000/-.0003','10','1/4','Yes','$9.09'
'ARS5-102','1/16','0.062','+.0000/-.0003','10','1/4','Yes','$9.20'
'ARS5-104','1/16','0.062','+.0000/-.0003','10','1/4','Yes','$10.06'
'ARS5-142','1/16','0.062','+.0000/-.0003','14','1/4','Yes','$13.31'
'ARS5-6 1/2','1/16','0.062','+.0000/-.0003','6','1/4','Yes','$8.23'
'ARS5-62','1/16','0.062','+.0000/-.0003','6','1/4','Yes','$7.95'
'ARS5-83','1/16','0.062','+.0000/-.0003','8','1/4','Yes','$8.81'
'ARS5-84','1/16','0.062','+.0000/-.0003','8','1/4','Yes','$9.09'
'ARS6-102','5/64','0.0776','+.0000/-.0003','10','1/4','Yes','$9.20'
'ARS6-104','5/64','0.0776','+.0000/-.0003','10','1/4','Yes','$9.09'
'ARS6-142','5/64','0.0776','+.0000/-.0003','14','1/4','Yes','$10.66'
'ARS6-6 1/2','5/64','0.0776','+.0000/-.0003','6','1/4','Yes','$8.33'
'ARS6-62','5/64','0.0776','+.0000/-.0003','6','1/4','Yes','$7.95'
'ARS6-83','5/64','0.0776','+.0000/-.0003','8','1/4','Yes','$9.79'
'ARS6-84','5/64','0.0776','+.0000/-.0003','8','1/4','Yes','$9.74'
'ARS7-10 1/2','3/32','0.0933','+.0000/-.0003','10','1/4','Yes','$8.67'
'ARS7-102','3/32','0.0933','+.0000/-.0003','10','1/4','Yes','$8.44'
'ARS7-104','3/32','0.0933','+.0000/-.0003','10','1/4','Yes','$11.15'
'ARS7-142','3/32','0.0933','+.0000/-.0003','14','1/4','Yes','$10.98'
'ARS7-6 1/2','3/32','0.0933','+.0000/-.0003','6','1/4','Yes','$7.73'
'ARS7-62','3/32','0.0933','+.0000/-.0003','6','1/4','Yes','$7.30'
'ARS7-83','3/32','0.0933','+.0000/-.0003','8','1/4','Yes','$8.88'
'ARS7-84','3/32','0.0933','+.0000/-.0003','8','1/4','Yes','$8.93'
'ARS8-102','7/64','0.1089','+.0000/-.0003','10','1/4','Yes','$8.44'
'ARS8-142','7/64','0.1089','+.0000/-.0003','14','1/4','Yes','$13.44'
'ARS8-6 1/2','7/64','0.1089','+.0000/-.0003','6','1/4','Yes','$7.73'
'ARS8-62','7/64','0.1089','+.0000/-.0003','6','1/4','Yes','$7.30'
'OSL13-10','3/32','1-3/4','0.1925','3/8','10','0.005','$168.68'
'OSL13-4','3/32','1-3/4','0.1925','3/8','4','0.005','$62.08'
'OSL13-5','3/32','1-3/4','0.1925','3/8','5','0.005','$67.58'
'OSL13-6','3/32','1-3/4','0.1925','3/8','6','0.005','$73.70'
'OSL13-7','3/32','1-3/4','0.1925','3/8','7','0.005','$98.03'
'OSL13-8','3/32','1-3/4','0.1925','3/8','8','0.005','$122.48'
'OSL13-9','3/32','1-3/4','0.1925','3/8','9','0.005','$148.12'
'OSL15-4','1/8','1-3/4','0.2238','13/32','4','0.005','$60.21'
'OSL15-5','1/8','1-3/4','0.2238','13/32','5','0.005','$65.84'
'OSL15-6','1/8','1-3/4','0.2238','13/32','6','0.005','$74.84'
'OSL15-7','1/8','1-3/4','0.2238','13/32','7','0.005','$100.66'
'OSL17-10','5/32','2-1/4','0.255','7/16','10','0.005','$96.64'
'OSL17-4','5/32','2-1/4','0.255','7/16','4','0.005','$47.19'
'OSL17-5','5/32','2-1/4','0.255','7/16','5','0.005','$49.81'
'OSL17-6','5/32','2-1/4','0.255','7/16','6','0.005','$53.96'
'OSL17-7','5/32','2-1/4','0.255','7/16','7','0.005','$70.93'
'OSL17-8','5/32','2-1/4','0.255','7/16','8','0.005','$78.66'
'OSL17-9','5/32','2-1/4','0.255','7/16','9','0.005','$87.11'
'OSL21-10','3/16','2-1/4','0.3175','1/2','10','0.005','$98.13'
'OSL21-4','3/16','2-1/4','0.3175','1/2','4','0.005','$48.21'
'OSL21-5','3/16','2-1/4','0.3175','1/2','5','0.005','$51.49'
'OSL21-6','3/16','2-1/4','0.3175','1/2','6','0.005','$55.91'
'OSL21-7','3/16','2-1/4','0.3175','1/2','7','0.005','$74.63'
'OSL21-8','3/16','2-1/4','0.3175','1/2','8','0.005','$82.20'
'OSL21-9','3/16','2-1/4','0.3175','1/2','9','0.005','$91.07'
'OSL25-10','1/4','2-1/4','0.38','5/8','10','0.005','$109.18'
'OSL25-4','1/4','2-1/4','0.38','5/8','4','0.005','$49.81'
'OSL25-5','1/4','2-1/4','0.38','5/8','5','0.005','$54.50'
'OSL25-6','1/4','2-1/4','0.38','5/8','6','0.005','$60.27'
'OSL25-7','1/4','2-1/4','0.38','5/8','7','0.005','$80.14'
'OSL25-8','1/4','2-1/4','0.38','5/8','8','0.005','$88.57'
'OSL25-9','1/4','2-1/4','0.38','5/8','9','0.005','$95.52'
'OSL29-10','5/16','2-1/4','0.4425','11/16','10','0.005','$116.64'
'OSL29-4','5/16','2-1/4','0.4425','11/16','4','0.005','$51.41'
'OSL29-5','5/16','2-1/4','0.4425','11/16','5','0.005','$58.93'
'OSL29-6','5/16','2-1/4','0.4425','11/16','6','0.005','$64.16'
'OSL29-7','5/16','2-1/4','0.4425','11/16','7','0.005','$85.83'
'OSL29-8','5/16','2-1/4','0.4425','11/16','8','0.005','$95.89'
'OSL29-9','5/16','2-1/4','0.4425','11/16','9','0.005','$102.22'
'OSL33-10','3/8','2-1/4','0.505','3/4','10','0.005','$128.78'
'OSL33-4','3/8','2-1/4','0.505','3/4','4','0.005','$54.36'
'OSL33-5','3/8','2-1/4','0.505','3/4','5','0.005','$63.30'
'OSL33-6','3/8','2-1/4','0.505','3/4','6','0.005','$72.41'
'OSL33-7','3/8','2-1/4','0.505','3/4','7','0.005','$96.90'
'OSL33-8','3/8','2-1/4','0.505','3/4','8','0.005','$106.91'
'OSL33-9','3/8','2-1/4','0.505','3/4','9','0.005','$116.91'
'TWS13-4','0.0937','0.1563','0.188','0.37','0.187','1.75','$110.66'
'TWS13-6','0.0937','0.1563','0.188','0.37','0.187','1.75','$121.68'
'TWS15-4','0.125','0.1875','0.219','0.4','0.187','1.75','$110.66'
'TWS15-6','0.125','0.1875','0.219','0.4','0.187','1.75','$121.68'
'TWS17-4','0.1562','0.2187','0.25','0.43','0.187','2.5','$103.90'
'TWS17-6','0.1562','0.2187','0.25','0.43','0.187','2.5','$115.44'
'TWS21-4','0.1875','0.25','0.312','0.5','0.25','2.5','$108.37'
'TWS21-6','0.1875','0.25','0.312','0.5','0.25','2.5','$115.44'
'TWS23-4','0.2187','0.2813','0.344','0.56','0.25','2.5','$103.90'
'TWS23-6','0.2187','0.2813','0.344','0.56','0.25','2.5','$115.44'
'TWS25-4','0.25','0.3125','0.375','0.62','0.25','2.5','$103.90'
'TWS25-6','0.25','0.3125','0.375','0.62','0.25','2.5','$115.44'
'TWS29-4','0.3125','0.375','0.438','0.68','0.25','2.5','$103.90'
'TWS29-6','0.3125','0.375','0.438','0.68','0.25','2.5','$115.44'
'TWS33-4','0.375','0.4375','0.5','0.75','0.25','2.5','$103.90'
'TWS33-6','0.375','0.4375','0.5','0.75','0.25','2.5','$115.44'
'SLX13-20','0.193','0.385','0.625','0.171','0.25','0.875','$23.99'
'SLX13-25','0.193','0.385','0.625','0.171','0.25','0.875','$23.99'
'SLX13-30','0.193','0.385','0.625','0.171','0.25','0.875','$26.41'
'SLX15-20','0.224','0.416','0.625','0.171','0.25','0.875','$23.99'
'SLX15-25','0.224','0.416','0.625','0.171','0.25','0.875','$23.99'
'SLX15-30','0.224','0.416','0.625','0.171','0.25','0.875','$26.41'
'SLX17-20','0.255','0.448','0.625','0.171','0.25','0.875','$23.99'
'SLX17-25','0.255','0.448','0.625','0.171','0.25','0.875','$23.99'
'SLX17-30','0.255','0.448','0.625','0.171','0.25','0.875','$26.41'
'SLX17-35','0.255','0.448','0.625','0.171','0.25','0.875','$28.86'
'SLX17-40','0.255','0.448','0.625','0.171','0.25','0.875','$39.10'
'SLX21-20','0.318','0.51','0.875','0.218','0.25','1.125','$23.99'
'SLX21-25','0.318','0.51','0.875','0.218','0.25','1.125','$23.99'
'SLX21-30','0.318','0.51','0.875','0.218','0.25','1.125','$26.41'
'SLX21-35','0.318','0.51','0.875','0.218','0.25','1.125','$28.86'
'SLX23-20','0.349','0.57','0.875','0.25','0.25','1.125','$23.99'
'SLX23-25','0.349','0.57','0.875','0.25','0.25','1.125','$23.99'
'SLX23-30','0.349','0.57','0.875','0.25','0.25','1.125','$26.41'
'SLX25-20','0.38','0.63','0.875','0.28','0.25','1.125','$23.99'
'SLX25-25','0.38','0.63','0.875','0.28','0.25','1.125','$23.98'
'SLX25-30','0.38','0.63','0.875','0.28','0.25','1.125','$26.41'
'SLX25-35','0.38','0.63','0.875','0.28','0.25','1.125','$28.86'
'SLX29-20','0.443','0.698','1','0.34','0.25','1.25','$29.71'
'SLX29-25','0.443','0.698','1','0.34','0.25','1.25','$23.99'
'SLX29-30','0.443','0.698','1','0.34','0.25','1.25','$26.41'
'SLX29-35','0.443','0.698','1','0.34','0.25','1.25','$28.86'
'SLX33-20','0.505','0.76','1','0.41','0.25','1.25','$29.71'
'SLX33-25','0.505','0.76','1','0.41','0.25','1.25','$29.71'
'SLX33-30','0.505','0.76','1','0.41','0.25','1.25','$26.41'
'SLX33-35','0.505','0.76','1','0.41','0.25','1.25','$28.86'
'BE11-2446','0.156','0.024','4-3/8','9/32','6-3/8','1/32 Max','$30.79'
'BE11-3236','0.156','0.032','3','9/32','6','1/32 Max','$30.79'
'BE11-3238','0.156','0.032','3','9/32','8','1/32 Max','$30.79'
'BE11-3246','0.156','0.032','4-3/8','9/32','6-3/8','1/32 Max','$29.30'
'BE11-3247','0.156','0.032','4-3/8','9/32','7-3/8','1/32 Max','$29.30'
'BE11-3248','0.156','0.032','4-3/8','9/32','8-3/8','1/32 Max','$29.30'
'BE11-4636','0.156','0.046','3','9/32','6','1/32 Max','$30.79'
'BE11-4638','0.156','0.046','3','9/32','8','1/32 Max','$30.79'
'BE11-4646','0.156','0.046','4-3/8','9/32','6-3/8','1/32 Max','$29.30'
'BE11-4647','0.156','0.046','4-3/8','9/32','7-3/8','1/32 Max','$29.30'
'BE11-4648','0.156','0.046','4-3/8','9/32','8-3/8','1/32 Max','$29.30'
'BE13-2446','0.187','0.024','4-3/8','3/8','6-3/8','1/32 Max','$33.06'
'BE13-3236','0.187','0.032','3','3/8','6','1/32 Max','$33.06'
'BE13-3238','0.187','0.032','3','3/8','8','1/32 Max','$33.06'
'BE13-3246','0.187','0.032','4-3/8','3/8','6-3/8','1/32 Max','$31.47'
'BE13-3247','0.187','0.032','4-3/8','3/8','7-3/8','1/32 Max','$31.47'
'BE13-3248','0.187','0.032','4-3/8','3/8','8-3/8','1/32 Max','$31.47'
'BE13-4636','0.187','0.046','3','3/8','6','1/32 Max','$33.06'
'BE13-4638','0.187','0.046','3','3/8','8','1/32 Max','$33.06'
'BE13-4646','0.187','0.046','4-3/8','3/8','6-3/8','1/32 Max','$31.47'
'BE13-4647','0.187','0.046','4-3/8','3/8','7-3/8','1/32 Max','$31.47'
'BE13-4648','0.187','0.046','4-3/8','3/8','8-3/8','1/32 Max','$31.47'
'BE13-6236','0.187','0.062','3','3/8','6','1/32 Max','$33.06'
'BE13-6238','0.187','0.062','3','3/8','8','1/32 Max','$33.06'
'BE13-6246','0.187','0.062','4-3/8','3/8','6-3/8','1/32 Max','$31.47'
'BE13-6247','0.187','0.062','4-3/8','3/8','7-3/8','1/32 Max','$31.47'
'BE13-6248','0.187','0.062','4-3/8','3/8','8-3/8','1/32 Max','$31.47'
'BE17-3235','0.25','0.032','3','7/16','5','1/32 Max','$34.72'
'BE17-3236','0.25','0.032','3','7/16','6','1/32 Max','$36.48'
'BE17-3238','0.25','0.032','3','7/16','8','1/32 Max','$36.48'
'BE17-32410','0.25','0.032','4-3/8','7/16','10-3/8','1/32 Max','$34.72'
'BE17-3246','0.25','0.032','4-3/8','7/16','6-3/8','1/32 Max','$34.72'
'BE17-3247','0.25','0.032','4-3/8','7/16','7-3/8','1/32 Max','$34.72'
'BE17-3248','0.25','0.032','4-3/8','7/16','8-3/8','1/32 Max','$34.72'
'BE17-3249','0.25','0.032','4-3/8','7/16','9-3/8','1/32 Max','$34.72'
'BE17-4635','0.25','0.046','3','7/16','5','1/32 Max','$34.72'
'BE17-4636','0.25','0.046','3','7/16','6','1/32 Max','$36.48'
'BE17-4638','0.25','0.046','3','7/16','8','1/32 Max','$36.48'
'BE17-46410','0.25','0.046','4-3/8','7/16','10-3/8','1/32 Max','$34.72'
'BE17-4646','0.25','0.046','4-3/8','7/16','6-3/8','1/32 Max','$34.72'
'BE17-4647','0.25','0.046','4-3/8','7/16','7-3/8','1/32 Max','$34.72'
'BE17-4648','0.25','0.046','4-3/8','7/16','8-3/8','1/32 Max','$34.72'
'BE17-4649','0.25','0.046','4-3/8','7/16','9-3/8','1/32 Max','$34.72'
'BE17-6235','0.25','0.062','3','7/16','5','1/32 Max','$34.72'
'BE17-6236','0.25','0.062','3','7/16','6','1/32 Max','$36.48'
'BE17-6238','0.25','0.062','3','7/16','8','1/32 Max','$36.48'
'BE17-62410','0.25','0.062','4-3/8','7/16','10-3/8','1/32 Max','$34.72'
'BE17-6246','0.25','0.062','4-3/8','7/16','6-3/8','1/32 Max','$34.72'
'BE17-6247','0.25','0.062','4-3/8','7/16','7-3/8','1/32 Max','$34.72'
'BE17-6248','0.25','0.062','4-3/8','7/16','8-3/8','1/32 Max','$34.72'
'BE17-6249','0.25','0.062','4-3/8','7/16','9-3/8','1/32 Max','$34.72'
'BE21-32410','0.312','0.032','4-3/8','1/2','10-3/8','1/32 Max','$39.06'
'BE21-3246','0.312','0.032','4-3/8','1/2','6-3/8','1/32 Max','$41.04'
'BE21-3247','0.312','0.032','4-3/8','1/2','7-3/8','1/32 Max','$41.04'
'BE21-3248','0.312','0.032','4-3/8','1/2','8-3/8','1/32 Max','$41.04'
'BE21-3249','0.312','0.032','4-3/8','1/2','9-3/8','1/32 Max','$41.04'
'BE21-46410','0.312','0.046','4-3/8','1/2','10-3/8','1/32 Max','$39.06'
'BE21-4646','0.312','0.046','4-3/8','1/2','6-3/8','1/32 Max','$41.04'
'BE21-4647','0.312','0.046','4-3/8','1/2','7-3/8','1/32 Max','$41.04'
'BE21-4648','0.312','0.046','4-3/8','1/2','8-3/8','1/32 Max','$41.04'
'BE21-4649','0.312','0.046','4-3/8','1/2','9-3/8','1/32 Max','$41.04'
'BE21-62410','0.312','0.062','4-3/8','1/2','10-3/8','1/32 Max','$39.06'
'BE21-6246','0.312','0.062','4-3/8','1/2','6-3/8','1/32 Max','$41.04'
'BE21-6247','0.312','0.062','4-3/8','1/2','7-3/8','1/32 Max','$41.04'
'BE21-6248','0.312','0.062','4-3/8','1/2','8-3/8','1/32 Max','$41.04'
'BE21-6249','0.312','0.062','4-3/8','1/2','9-3/8','1/32 Max','$41.04'
'BE21-78410','0.312','0.078','4-3/8','1/2','10-3/8','1/32 Max','$39.06'
'BE21-7846','0.312','0.078','4-3/8','1/2','6-3/8','1/32 Max','$41.04'
'BE21-7847','0.312','0.078','4-3/8','1/2','7-3/8','1/32 Max','$41.04'
'BE21-7848','0.312','0.078','4-3/8','1/2','8-3/8','1/32 Max','$41.04'
'BE21-7849','0.312','0.078','4-3/8','1/2','9-3/8','1/32 Max','$41.04'
'BE25-32410','0.375','0.032','4-3/8','5/8','10-3/8','1/32 Max','$46.66'
'BE25-3246','0.375','0.032','4-3/8','5/8','6-3/8','1/32 Max','$49.03'
'BE25-3247','0.375','0.032','4-3/8','5/8','7-3/8','1/32 Max','$49.03'
'BE25-3248','0.375','0.032','4-3/8','5/8','8-3/8','1/32 Max','$49.03'
'BE25-3249','0.375','0.032','4-3/8','5/8','9-3/8','1/32 Max','$49.03'
'BE25-46410','0.375','0.046','4-3/8','5/8','10-3/8','1/32 Max','$46.66'
'BE25-4646','0.375','0.046','4-3/8','5/8','6-3/8','1/32 Max','$49.03'
'BE25-4647','0.375','0.046','4-3/8','5/8','7-3/8','1/32 Max','$49.03'
'BE25-4648','0.375','0.046','4-3/8','5/8','8-3/8','1/32 Max','$49.03'
'BE25-4649','0.375','0.046','4-3/8','5/8','9-3/8','1/32 Max','$49.03'
'BE25-62410','0.375','0.062','4-3/8','5/8','10-3/8','1/32 Max','$46.66'
'BE25-6246','0.375','0.062','4-3/8','5/8','6-3/8','1/32 Max','$49.03'
'BE25-6247','0.375','0.062','4-3/8','5/8','7-3/8','1/32 Max','$49.03'
'BE25-6248','0.375','0.062','4-3/8','5/8','8-3/8','1/32 Max','$49.03'
'BE25-6249','0.375','0.062','4-3/8','5/8','9-3/8','1/32 Max','$49.03'
'BE25-78410','0.375','0.078','4-3/8','5/8','10-3/8','1/32 Max','$46.66'
'BE25-7846','0.375','0.078','4-3/8','5/8','6-3/8','1/32 Max','$49.03'
'BE25-7847','0.375','0.078','4-3/8','5/8','7-3/8','1/32 Max','$49.03'
'BE25-7848','0.375','0.078','4-3/8','5/8','8-3/8','1/32 Max','$49.03'
'BE25-7849','0.375','0.078','4-3/8','5/8','9-3/8','1/32 Max','$49.03'
'BE33-62510','0.5','0.062','5-3/8','3/4','10-3/8','1/32 Max','$81.38'
'BE33-6258','0.5','0.062','5-3/8','3/4','8-3/8','1/32 Max','$81.38'
'BE33-6259','0.5','0.062','5-3/8','3/4','9-3/8','1/32 Max','$81.38'
'BE33-78510','0.5','0.078','5-3/8','3/4','10-3/8','1/32 Max','$81.38'
'BE33-7858','0.5','0.078','5-3/8','3/4','8-3/8','1/32 Max','$85.50'
'BE33-7859','0.5','0.078','5-3/8','3/4','9-3/8','1/32 Max','$85.50'
'BE9-2446','0.125','0.024','4-3/8','1/4','6-3/8','1/32 Max','$28.51'
'BE9-3235','0.125','0.032','3','1/4','5','1/32 Max','$27.13'
'BE9-3236','0.125','0.032','3','1/4','6','1/32 Max','$28.51'
'BE9-3246','0.125','0.032','4-3/8','1/4','6-3/8','1/32 Max','$27.13'
'BE9-3247','0.125','0.032','4-3/8','1/4','7-3/8','1/32 Max','$28.51'
'BE9-4635','0.125','0.046','3','1/4','5','1/32 Max','$27.13'
'BE9-4636','0.125','0.046','3','1/4','6','1/32 Max','$28.51'
'BE9-4646','0.125','0.046','4-3/8','1/4','6-3/8','1/32 Max','$27.13'
'BE9-4647','0.125','0.046','4-3/8','1/4','7-3/8','1/32 Max','$28.51'
'P10-10','0.1401','+.0000/-.0003','Yes','9/64','1/4','10','$3.41'
'P10-14','0.1401','+.0000/-.0003','Yes','9/64','1/4','14','$4.20'
'P10-4','0.1401','+.0000/-.0003','No','9/64','1/4','4','$2.96'
'P10-6','0.1401','+.0000/-.0003','Yes','9/64','1/4','6','$3.04'
'P11-10','0.1557','+.0000/-.0003','Yes','5/32','9/32','10','$3.39'
'P11-12','0.1557','+.0000/-.0003','Yes','5/32','9/32','12','$3.68'
'P11-14','0.1557','+.0000/-.0003','Yes','5/32','9/32','14','$4.00'
'P11-4','0.1557','+.0000/-.0003','No','5/32','9/32','4','$2.78'
'P11-6','0.1557','+.0000/-.0003','Yes','5/32','9/32','6','$3.03'
'P11-8','0.1557','+.0000/-.0003','Yes','5/32','9/32','8','$3.16'
'P12-10','0.1714','+.0000/-.0003','Yes','11/64','11/32','10','$3.61'
'P12-14','0.1714','+.0000/-.0003','Yes','11/64','11/32','14','$4.45'
'P12-4','0.1714','+.0000/-.0003','No','11/64','11/32','4','$3.16'
'P12-6','0.1714','+.0000/-.0003','Yes','11/64','11/32','6','$3.24'
'P13-10','0.187','+.0000/-.0003','Yes','3/16','3/8','10','$3.57'
'P13-12','0.187','+.0000/-.0003','Yes','3/16','3/8','12','$3.81'
'P13-14','0.187','+.0000/-.0003','Yes','3/16','3/8','14','$4.47'
'P13-4','0.187','+.0000/-.0003','No','3/16','3/8','4','$2.91'
'P13-6','0.187','+.0000/-.0003','Yes','3/16','3/8','6','$3.08'
'P13-8','0.187','+.0000/-.0003','Yes','3/16','3/8','8','$3.36'
'P14-10','0.2026','+.0000/-.0003','Yes','13/64','3/8','10','$3.90'
'P14-14','0.2026','+.0000/-.0003','Yes','13/64','3/8','14','$4.71'
'P14-4','0.2026','+.0000/-.0003','No','13/64','3/8','4','$3.43'
'P14-6','0.2026','+.0000/-.0003','Yes','13/64','3/8','6','$3.55'
'P15-10','0.2183','+.0000/-.0003','Yes','7/32','13/32','10','$3.94'
'P15-12','0.2183','+.0000/-.0003','Yes','7/32','13/32','12','$4.38'
'P15-14','0.2183','+.0000/-.0003','Yes','7/32','13/32','14','$4.87'
'P15-4','0.2183','+.0000/-.0003','No','7/32','13/32','4','$3.16'
'P15-6','0.2183','+.0000/-.0003','Yes','7/32','13/32','6','$3.34'
'P15-8','0.2183','+.0000/-.0003','Yes','7/32','13/32','8','$3.68'
'P16-10','0.2339','+.0000/-.0003','Yes','15/64','13/32','10','$4.35'
'P16-14','0.2339','+.0000/-.0003','Yes','15/64','13/32','14','$5.30'
'P16-4','0.2339','+.0000/-.0003','No','15/64','13/32','4','$3.63'
'P16-6','0.2339','+.0000/-.0003','Yes','15/64','13/32','6','$3.94'
'P17-10','0.2495','+.0000/-.0003','Yes','1/4','7/16','10','$4.38'
'P17-12','0.2495','+.0000/-.0003','Yes','1/4','7/16','12','$4.83'
'P17-14','0.2495','+.0000/-.0003','Yes','1/4','7/16','14','$5.30'
'P17-4','0.2495','+.0000/-.0003','No','1/4','7/16','4','$3.36'
'P17-6','0.2495','+.0000/-.0003','Yes','1/4','7/16','6','$3.55'
'P17-8','0.2495','+.0000/-.0003','Yes','1/4','7/16','8','$3.81'
'P18-10','0.2651','+.0000/-.0003','Yes','17/64','7/16','10','$4.87'
'P18-14','0.2651','+.0000/-.0003','Yes','17/64','7/16','14','$5.85'
'P18-4','0.2651','+.0000/-.0003','No','17/64','7/16','4','$4.38'
'P18-6','0.2651','+.0000/-.0003','Yes','17/64','7/16','6','$4.53'
'P19-10','0.2807','+.0000/-.0003','Yes','9/32','7/16','10','$5.04'
'P19-14','0.2807','+.0000/-.0003','Yes','9/32','7/16','14','$6.07'
'P19-4','0.2807','+.0000/-.0003','No','9/32','7/16','4','$3.74'
'P19-6','0.2807','+.0000/-.0003','Yes','9/32','7/16','6','$3.96'
'P19-8','0.2807','+.0000/-.0003','Yes','9/32','7/16','8','$4.71'
'P20-10','0.2964','+.0000/-.0003','Yes','19/64','1/2','10','$5.42'
'P20-14','0.2964','+.0000/-.0003','Yes','19/64','1/2','14','$6.78'
'P20-4','0.2964','+.0000/-.0003','No','19/64','1/2','4','$4.90'
'P20-6','0.2964','+.0000/-.0003','Yes','19/64','1/2','6','$5.04'
'P21-10','0.312','+.0000/-.0003','Yes','5/16','1/2','10','$5.56'
'P21-12','0.312','+.0000/-.0003','Yes','5/16','1/2','12','$6.26'
'P21-14','0.312','+.0000/-.0003','Yes','5/16','1/2','14','$6.82'
'P21-4','0.312','+.0000/-.0003','No','5/16','1/2','4','$4.06'
'P21-6','0.312','+.0000/-.0003','Yes','5/16','1/2','6','$4.42'
'P21-8','0.312','+.0000/-.0003','Yes','5/16','1/2','8','$5.16'
'P22-10','0.3276','+.0000/-.0003','Yes','21/64','9/16','10','$6.03'
'P22-14','0.3276','+.0000/-.0003','Yes','21/64','9/16','14','$7.63'
'P22-4','0.3276','+.0000/-.0003','No','21/64','9/16','4','$5.23'
'P22-6','0.3276','+.0000/-.0003','Yes','21/64','9/16','6','$5.49'
'P23-10','0.3433','+.0000/-.0003','Yes','11/32','9/16','10','$6.27'
'P23-14','0.3433','+.0000/-.0003','Yes','11/32','9/16','14','$7.92'
'P23-4','0.3433','+.0000/-.0003','No','11/32','9/16','4','$4.66'
'P23-6','0.3433','+.0000/-.0003','Yes','11/32','9/16','6','$4.92'
'P24-10','0.3589','+.0000/-.0003','Yes','23/64','5/8','10','$6.82'
'P24-14','0.3589','+.0000/-.0003','Yes','23/64','5/8','14','$8.51'
'P24-4','0.3589','+.0000/-.0003','No','23/64','5/8','4','$5.88'
'P24-6','0.3589','+.0000/-.0003','Yes','23/64','5/8','6','$6.05'
'P25-10','0.3745','+.0000/-.0003','Yes','3/8','5/8','10','$7.01'
'P25-12','0.3745','+.0000/-.0003','Yes','3/8','5/8','12','$7.87'
'P25-14','0.3745','+.0000/-.0003','Yes','3/8','5/8','14','$8.57'
'P25-4','0.3745','+.0000/-.0003','No','3/8','5/8','4','$4.90'
'P25-6','0.3745','+.0000/-.0003','Yes','3/8','5/8','6','$5.23'
'P25-8','0.3745','+.0000/-.0003','Yes','3/8','5/8','8','$6.51'
'P26-10','0.3901','+.0000/-.0003','Yes','25/64','37/64','10','$8.07'
'P26-14','0.3901','+.0000/-.0003','Yes','25/64','37/64','14','$10.50'
'P26-4','0.3901','+.0000/-.0003','No','25/64','37/64','4','$7.17'
'P26-6','0.3901','+.0000/-.0003','Yes','25/64','37/64','6','$7.36'
'P27-10','0.4057','+.0000/-.0003','Yes','13/32','11/16','10','$7.72'
'P27-14','0.4057','+.0000/-.0003','Yes','13/32','11/16','14','$9.84'
'P27-4','0.4057','+.0000/-.0003','No','13/32','11/16','4','$5.34'
'P27-6','0.4057','+.0000/-.0003','Yes','13/32','11/16','6','$5.79'
'P28-10','0.4214','+.0000/-.0003','Yes','27/64','11/16','10','$9.22'
'P28-14','0.4214','+.0000/-.0003','Yes','27/64','11/16','14','$11.61'
'P28-4','0.4214','+.0000/-.0003','No','27/64','11/16','4','$6.97'
'P28-6','0.4214','+.0000/-.0003','Yes','27/64','11/16','6','$7.22'
'P29-10','0.437','+.0000/-.0003','Yes','7/16','11/16','10','$8.51'
'P29-14','0.437','+.0000/-.0003','Yes','7/16','11/16','14','$10.87'
'P29-4','0.437','+.0000/-.0003','No','7/16','11/16','4','$5.94'
'P29-6','0.437','+.0000/-.0003','Yes','7/16','11/16','6','$6.30'
'P30-10','0.4526','+.0000/-.0003','Yes','29/64','45/64','10','$9.61'
'P30-14','0.4526','+.0000/-.0003','Yes','29/64','45/64','14','$13.36'
'P30-4','0.4526','+.0000/-.0003','No','29/64','45/64','4','$7.62'
'P30-6','0.4526','+.0000/-.0003','Yes','29/64','45/64','6','$7.81'
'P31-10','0.4683','+.0000/-.0003','Yes','15/32','3/4','10','$9.31'
'P31-14','0.4683','+.0000/-.0003','Yes','15/32','3/4','14','$12.64'
'P31-4','0.4683','+.0000/-.0003','No','15/32','3/4','4','$6.71'
'P31-6','0.4683','+.0000/-.0003','Yes','15/32','3/4','6','$6.97'
'P32-10','0.4839','+.0000/-.0003','Yes','31/64','3/4','10','$11.10'
'P32-14','0.4839','+.0000/-.0003','Yes','31/64','3/4','14','$14.46'
'P32-4','0.4839','+.0000/-.0003','No','31/64','3/4','4','$8.27'
'P32-6','0.4839','+.0000/-.0003','Yes','31/64','3/4','6','$8.46'
'P33-10','0.4995','+.0000/-.0003','Yes','1/2','3/4','10','$10.07'
'P33-12','0.4995','+.0000/-.0003','Yes','1/2','3/4','12','$11.68'
'P33-14','0.4995','+.0000/-.0003','Yes','1/2','3/4','14','$13.02'
'P33-4','0.4995','+.0000/-.0003','No','1/2','3/4','4','$6.85'
'P33-6','0.4995','+.0000/-.0003','Yes','1/2','3/4','6','$7.46'
'P33-8','0.4995','+.0000/-.0003','Yes','1/2','3/4','8','$9.43'
'P3-4','0.0307','+.0000/-.0003','No','1/32','1/8','4','$10.20'
'P34-10','0.5307','+.0000/-.0005','Yes','17/32','25/32','10','$12.32'
'P34-12','0.5307','+.0000/-.0005','Yes','17/32','25/32','12','$15.29'
'P34-14','0.5307','+.0000/-.0005','Yes','17/32','25/32','14','$15.61'
'P34-4','0.5307','+.0000/-.0005','No','17/32','25/32','4','$9.37'
'P34-6','0.5307','+.0000/-.0005','Yes','17/32','25/32','6','$9.54'
'P35-10','0.562','+.0000/-.0005','Yes','9/16','13/16','10','$12.21'
'P35-12','0.562','+.0000/-.0005','Yes','9/16','13/16','12','$14.32'
'P35-14','0.562','+.0000/-.0005','Yes','9/16','13/16','14','$17.85'
'P35-4','0.562','+.0000/-.0005','No','9/16','13/16','4','$8.07'
'P35-6','0.562','+.0000/-.0005','Yes','9/16','13/16','6','$8.80'
'P35-8','0.562','+.0000/-.0005','Yes','9/16','13/16','8','$11.49'
'P3-6','0.0307','+.0000/-.0003','Yes','1/32','1/8','6','$10.32'
'P37-10','0.6245','+.0000/-.0005','Yes','5/8','7/8','10','$14.26'
'P37-12','0.6245','+.0000/-.0005','Yes','5/8','7/8','12','$17.15'
'P37-14','0.6245','+.0000/-.0005','Yes','5/8','7/8','14','$18.23'
'P37-4','0.6245','+.0000/-.0005','No','5/8','7/8','4','$9.68'
'P37-6','0.6245','+.0000/-.0005','Yes','5/8','7/8','6','$10.36'
'P37-8','0.6245','+.0000/-.0005','Yes','5/8','7/8','8','$13.36'
'P39-10','0.687','+.0000/-.0005','Yes','11/16','15/16','10','$16.85'
'P39-12','0.687','+.0000/-.0005','Yes','11/16','15/16','12','$20.31'
'P39-14','0.687','+.0000/-.0005','Yes','11/16','15/16','14','$22.84'
'P39-4','0.687','+.0000/-.0005','No','11/16','15/16','4','$11.55'
'P39-6','0.687','+.0000/-.0005','Yes','11/16','15/16','6','$11.81'
'P39-8','0.687','+.0000/-.0005','Yes','11/16','15/16','8','$15.75'
'P41-10','0.7495','+.0000/-.0005','Yes','3/4','1','10','$19.32'
'P41-12','0.7495','+.0000/-.0005','Yes','3/4','1','12','$23.24'
'P41-14','0.7495','+.0000/-.0005','Yes','3/4','1','14','$24.92'
'P41-4','0.7495','+.0000/-.0005','No','3/4','1','4','$13.30'
'P41-6','0.7495','+.0000/-.0005','Yes','3/4','1','6','$14.38'
'P41-8','0.7495','+.0000/-.0005','Yes','3/4','1','8','$17.80'
'P4-4','0.0464','+.0000/-.0003','No','3/64','5/32','4','$5.88'
'P45-10','0.8745','+.0000/-.0005','Yes','7/8','1 1/8','10','$26.71'
'P45-12','0.8745','+.0000/-.0005','Yes','7/8','1 1/8','12','$32.12'
'P45-14','0.8745','+.0000/-.0005','Yes','7/8','1 1/8','14','$32.89'
'P45-4','0.8745','+.0000/-.0005','No','7/8','1 1/8','4','$17.35'
'P45-6','0.8745','+.0000/-.0005','Yes','7/8','1 1/8','6','$17.75'
'P45-8','0.8745','+.0000/-.0005','Yes','7/8','1 1/8','8','$24.91'
'P4-6','0.0464','+.0000/-.0003','Yes','3/64','5/32','6','$5.94'
'P47-10','0.9995','+.0000/-.0005','Yes','1','1 1/4','10','$32.00'
'P47-12','0.9995','+.0000/-.0005','Yes','1','1 1/4','12','$37.92'
'P47-14','0.9995','+.0000/-.0005','Yes','1','1 1/4','14','$43.38'
'P47-4','0.9995','+.0000/-.0005','No','1','1 1/4','4','$20.92'
'P47-6','0.9995','+.0000/-.0005','Yes','1','1 1/4','6','$23.02'
'P47-8','0.9995','+.0000/-.0005','Yes','1','1 1/4','8','$29.34'
'P5-10','0.062','+.0000/-.0003','Yes','1/16','3/16','10','$6.51'
'P5-4','0.062','+.0000/-.0003','No','1/16','3/16','4','$5.49'
'P5-6','0.062','+.0000/-.0003','Yes','1/16','3/16','6','$5.55'
'P5-8','0.062','+.0000/-.0003','Yes','1/16','3/16','8','$6.13'
'P6-10','0.0776','+.0000/-.0003','Yes','5/64','13/64','10','$6.51'
'P6-4','0.0776','+.0000/-.0003','No','5/64','13/64','4','$5.49'
'P6-6','0.0776','+.0000/-.0003','Yes','5/64','13/64','6','$5.55'
'P6-8','0.0776','+.0000/-.0003','Yes','5/64','13/64','8','$6.13'
'P7-10','0.0933','+.0000/-.0003','Yes','3/32','7/32','10','$5.61'
'P7-4','0.0933','+.0000/-.0003','No','3/32','7/32','4','$4.90'
'P7-6','0.0933','+.0000/-.0003','Yes','3/32','7/32','6','$5.04'
'P7-8','0.0933','+.0000/-.0003','Yes','3/32','7/32','8','$5.55'
'P8-10','0.1089','+.0000/-.0003','Yes','7/64','15/64','10','$5.61'
'P8-4','0.1089','+.0000/-.0003','No','7/64','15/64','4','$4.90'
'P8-6','0.1089','+.0000/-.0003','Yes','7/64','15/64','6','$5.04'
'P8-8','0.1089','+.0000/-.0003','Yes','7/64','15/64','8','$5.55'
'P9-10','0.1245','+.0000/-.0003','Yes','1/8','1/4','10','$3.22'
'P9-12','0.1245','+.0000/-.0003','Yes','1/8','1/4','12','$3.43'
'P9-14','0.1245','+.0000/-.0003','Yes','1/8','1/4','14','$3.67'
'P9-4','0.1245','+.0000/-.0003','No','1/8','1/4','4','$2.64'
'P9-6','0.1245','+.0000/-.0003','Yes','1/8','1/4','6','$2.85'
'P9-8','0.1245','+.0000/-.0003','Yes','1/8','1/4','8','$3.04'
'NP10-10','9/64','0.1401','10','1/4','Yes','+.0000/-.0003','$3.16'
'NP10-14','9/64','0.1401','14','1/4','Yes','+.0000/-.0003','$3.88'
'NP11-10','5/32','0.1557','10','9/32','Yes','+.0000/-.0003','$3.12'
'NP11-14','5/32','0.1557','14','9/32','Yes','+.0000/-.0003','$3.70'
'NP11-18','5/32','0.1557','18','9/32','Yes','+.0000/-.0003','$5.11'
'NP11-25','5/32','0.1557','25','9/32','Yes','+.0000/-.0003','$9.41'
'NP11-36','5/32','0.1557','36','9/32','Yes','+.0000/-.0003','$29.52'
'NP11-39','5/32','0.1557','39','9/32','Yes','+.0000/-.0003','$55.50'
'NP11-6','5/32','0.1557','6','9/32','Yes','+.0000/-.0003','$2.80'
'NP12-10','11/64','0.1714','10','11/32','Yes','+.0000/-.0003','$3.35'
'NP12-14','11/64','0.1714','14','11/32','Yes','+.0000/-.0003','$4.11'
'NP13-10','3/16','0.187','10','3/8','Yes','+.0000/-.0003','$3.30'
'NP13-14','3/16','0.187','14','3/8','Yes','+.0000/-.0003','$4.13'
'NP13-18','3/16','0.187','18','3/8','Yes','+.0000/-.0003','$5.31'
'NP13-25','3/16','0.187','25','3/8','Yes','+.0000/-.0003','$7.48'
'NP13-36','3/16','0.187','36','3/8','Yes','+.0000/-.0003','$29.39'
'NP13-39','3/16','0.187','39','3/8','Yes','+.0000/-.0003','$54.78'
'NP13-6','3/16','0.187','6','3/8','Yes','+.0000/-.0003','$2.86'
'NP14-10','13/64','0.2026','10','3/8','Yes','+.0000/-.0003','$3.60'
'NP14-14','13/64','0.2026','14','3/8','Yes','+.0000/-.0003','$4.36'
'NP15-10','7/32','0.2183','10','13/32','Yes','+.0000/-.0003','$3.65'
'NP15-14','7/32','0.2183','14','13/32','Yes','+.0000/-.0003','$4.51'
'NP15-25','7/32','0.2183','25','13/32','Yes','+.0000/-.0003','$7.97'
'NP15-6','7/32','0.2183','6','13/32','Yes','+.0000/-.0003','$3.10'
'NP16-10','15/64','0.2339','10','13/32','Yes','+.0000/-.0003','$4.02'
'NP16-14','15/64','0.2339','14','13/32','Yes','+.0000/-.0003','$4.90'
'NP17-10','1/4','0.2495','10','7/16','Yes','+.0000/-.0003','$4.06'
'NP17-14','1/4','0.2495','14','7/16','Yes','+.0000/-.0003','$4.90'
'NP17-18','1/4','0.2495','18','7/16','Yes','+.0000/-.0003','$6.28'
'NP17-25','1/4','0.2495','25','7/16','Yes','+.0000/-.0003','$8.79'
'NP17-36','1/4','0.2495','36','7/16','Yes','+.0000/-.0003','$31.45'
'NP17-39','1/4','0.2495','39','7/16','Yes','+.0000/-.0003','$56.98'
'NP17-6','1/4','0.2495','6','7/16','Yes','+.0000/-.0003','$3.28'
'NP18-10','17/64','0.2651','10','7/16','Yes','+.0000/-.0003','$4.51'
'NP18-14','17/64','0.2651','14','7/16','Yes','+.0000/-.0003','$5.41'
'NP18-25','17/64','0.2651','25','7/16','Yes','+.0000/-.0003','$9.14'
'NP19-10','9/32','0.2807','10','7/16','Yes','+.0000/-.0003','$4.66'
'NP19-14','9/32','0.2807','14','7/16','Yes','+.0000/-.0003','$5.61'
'NP19-18','9/32','0.2807','18','7/16','Yes','+.0000/-.0003','$7.26'
'NP19-25','9/32','0.2807','25','7/16','Yes','+.0000/-.0003','$9.82'
'NP19-6','9/32','0.2807','6','7/16','Yes','+.0000/-.0003','$3.68'
'NP20-10','19/64','0.2964','10','1/2','Yes','+.0000/-.0003','$5.01'
'NP20-14','19/64','0.2964','14','1/2','Yes','+.0000/-.0003','$6.28'
'NP21-10','5/16','0.312','10','1/2','Yes','+.0000/-.0003','$5.14'
'NP21-14','5/16','0.312','14','1/2','Yes','+.0000/-.0003','$6.31'
'NP21-18','5/16','0.312','18','1/2','Yes','+.0000/-.0003','$7.92'
'NP21-25','5/16','0.312','25','1/2','Yes','+.0000/-.0003','$10.77'
'NP21-36','5/16','0.312','36','1/2','Yes','+.0000/-.0003','$34.60'
'NP21-39','5/16','0.312','39','1/2','Yes','+.0000/-.0003','$56.73'
'NP21-6','5/16','0.312','6','1/2','Yes','+.0000/-.0003','$4.08'
'NP22-10','21/64','0.3276','10','9/16','Yes','+.0000/-.0003','$5.58'
'NP22-14','21/64','0.3276','14','9/16','Yes','+.0000/-.0003','$7.05'
'NP22-25','21/64','0.3276','25','9/16','Yes','+.0000/-.0003','$11.50'
'NP23-10','11/32','0.3433','10','9/16','Yes','+.0000/-.0003','$5.80'
'NP23-14','11/32','0.3433','14','9/16','Yes','+.0000/-.0003','$7.32'
'NP23-25','11/32','0.3433','25','9/16','Yes','+.0000/-.0003','$11.68'
'NP23-6','11/32','0.3433','6','9/16','Yes','+.0000/-.0003','$4.57'
'NP24-10','23/64','0.3589','10','5/8','Yes','+.0000/-.0003','$6.31'
'NP24-14','23/64','0.3589','14','5/8','Yes','+.0000/-.0003','$7.86'
'NP24-18','23/64','0.3589','18','5/8','Yes','+.0000/-.0003','$8.74'
'NP25-10','3/8','0.3745','10','5/8','Yes','+.0000/-.0003','$6.48'
'NP25-14','3/8','0.3745','14','5/8','Yes','+.0000/-.0003','$7.92'
'NP25-18','3/8','0.3745','18','5/8','Yes','+.0000/-.0003','$10.27'
'NP25-25','3/8','0.3745','25','5/8','Yes','+.0000/-.0003','$14.39'
'NP25-36','3/8','0.3745','36','5/8','Yes','+.0000/-.0003','$37.76'
'NP25-39','3/8','0.3745','39','5/8','Yes','+.0000/-.0003','$60.32'
'NP25-6','3/8','0.3745','6','5/8','Yes','+.0000/-.0003','$4.84'
'NP26-10','25/64','0.3901','10','37/64','Yes','+.0000/-.0003','$8.03'
'NP27-10','13/32','0.4057','10','11/16','Yes','+.0000/-.0003','$7.15'
'NP27-14','13/32','0.4057','14','11/16','Yes','+.0000/-.0003','$9.08'
'NP27-18','13/32','0.4057','18','11/16','Yes','+.0000/-.0003','$11.77'
'NP27-25','13/32','0.4057','25','11/16','Yes','+.0000/-.0003','$16.81'
'NP27-6','13/32','0.4057','6','11/16','Yes','+.0000/-.0003','$5.36'
'NP29-10','7/16','0.437','10','11/16','Yes','+.0000/-.0003','$7.86'
'NP29-14','7/16','0.437','14','11/16','Yes','+.0000/-.0003','$10.05'
'NP29-18','7/16','0.437','18','11/16','Yes','+.0000/-.0003','$13.06'
'NP29-25','7/16','0.437','25','11/16','Yes','+.0000/-.0003','$18.71'
'NP29-36','7/16','0.437','36','11/16','Yes','+.0000/-.0003','$42.04'
'NP29-6','7/16','0.437','6','11/16','Yes','+.0000/-.0003','$5.82'
'NP30-10','29/64','0.4526','10','45/64','Yes','+.0000/-.0003','$9.56'
'NP31-10','15/32','0.4683','10','3/4','Yes','+.0000/-.0003','$8.62'
'NP31-18','15/32','0.4683','18','3/4','Yes','+.0000/-.0003','$14.49'
'NP31-25','15/32','0.4683','25','3/4','Yes','+.0000/-.0003','$21.11'
'NP31-6','15/32','0.4683','6','3/4','Yes','+.0000/-.0003','$6.94'
'NP32-10','31/64','0.4839','10','3/4','Yes','+.0000/-.0003','$9.11'
'NP33-10','1/2','0.4995','10','3/4','Yes','+.0000/-.0003','$9.31'
'NP33-14','1/2','0.4995','14','3/4','Yes','+.0000/-.0003','$12.04'
'NP33-18','1/2','0.4995','18','3/4','Yes','+.0000/-.0003','$15.79'
'NP33-25','1/2','0.4995','25','3/4','Yes','+.0000/-.0003','$23.34'
'NP33-36','1/2','0.4995','36','3/4','Yes','+.0000/-.0003','$47.15'
'NP33-39','1/2','0.4995','39','3/4','Yes','+.0000/-.0003','$64.87'
'NP33-45','1/2','0.4995','45','3/4','Yes','+.0000/-.0003','$78.60'
'NP33-6','1/2','0.4995','6','3/4','Yes','+.0000/-.0003','$6.91'
'NP34-10','17/32','0.5307','10','25/32','Yes','+.0000/-.0005','$9.36'
'NP34-14','17/32','0.5307','14','25/32','Yes','+.0000/-.0005','$11.88'
'NP34-6','17/32','0.5307','6','25/32','Yes','+.0000/-.0005','$9.50'
'NP35-10','9/16','0.562','10','13/16','Yes','+.0000/-.0005','$11.28'
'NP35-14','9/16','0.562','14','13/16','Yes','+.0000/-.0005','$14.51'
'NP35-18','9/16','0.562','18','13/16','Yes','+.0000/-.0005','$18.54'
'NP35-25','9/16','0.562','25','13/16','Yes','+.0000/-.0005','$26.61'
'NP35-6','9/16','0.562','6','13/16','Yes','+.0000/-.0005','$8.14'
'NP3-6','1/4','6','Yes','1/32','0.0307','+.0000/-.0003','$5.74'
'NP37-10','5/8','0.6245','10','7/8','Yes','+.0000/-.0005','$13.18'
'NP37-14','5/8','0.6245','14','7/8','Yes','+.0000/-.0005','$16.85'
'NP37-18','5/8','0.6245','18','7/8','Yes','+.0000/-.0005','$21.43'
'NP37-25','5/8','0.6245','25','7/8','Yes','+.0000/-.0005','$30.21'
'NP37-36','5/8','0.6245','36','7/8','Yes','+.0000/-.0005','$52.80'
'NP37-39','5/8','0.6245','39','7/8','Yes','+.0000/-.0005','$81.95'
'NP37-6','5/8','0.6245','6','7/8','Yes','+.0000/-.0005','$9.57'
'NP39-10','11/16','0.687','10','15/16','Yes','+.0000/-.0005','$15.58'
'NP39-14','11/16','0.687','14','15/16','Yes','+.0000/-.0005','$22.72'
'NP39-18','11/16','0.687','18','15/16','Yes','+.0000/-.0005','$25.04'
'NP39-25','11/16','0.687','25','15/16','Yes','+.0000/-.0005','$35.33'
'NP39-39','11/16','0.687','39','15/16','Yes','+.0000/-.0005','$107.85'
'NP39-6','11/16','0.687','6','15/16','Yes','+.0000/-.0005','$11.74'
'NP41-10','3/4','0.7495','10','1','Yes','+.0000/-.0005','$17.85'
'NP41-14','3/4','0.7495','14','1','Yes','+.0000/-.0005','$23.03'
'NP41-18','3/4','0.7495','18','1','Yes','+.0000/-.0005','$29.28'
'NP41-25','3/4','0.7495','25','1','Yes','+.0000/-.0005','$40.04'
'NP41-36','3/4','0.7495','36','1','Yes','+.0000/-.0005','$65.46'
'NP41-39','3/4','0.7495','39','1','Yes','+.0000/-.0005','$101.93'
'NP41-6','3/4','0.7495','6','1','Yes','+.0000/-.0005','$13.29'
'NP45-10','7/8','0.8745','10','1.125','Yes','+.0000/-.0005','$24.70'
'NP45-14','7/8','0.8745','14','1.125','Yes','+.0000/-.0005','$28.18'
'NP45-18','7/8','0.8745','18','1.125','Yes','+.0000/-.0005','$31.25'
'NP45-25','7/8','0.8745','25','1.125','Yes','+.0000/-.0005','$51.45'
'NP45-6','7/8','0.8745','6','1.125','Yes','+.0000/-.0005','$17.64'
'NP47-10','1','0.9995','10','1.25','Yes','+.0000/-.0005','$29.56'
'NP47-14','1','0.9995','14','1.25','Yes','+.0000/-.0005','$37.36'
'NP47-18','1','0.9995','18','1.25','Yes','+.0000/-.0005','$45.64'
'NP47-25','1','0.9995','25','1.25','Yes','+.0000/-.0005','$59.87'
'NP47-36','1','0.9995','36','1.25','Yes','+.0000/-.0005','$115.44'
'NP47-39','1','0.9995','39','1.25','Yes','+.0000/-.0005','$152.59'
'NP47-6','1','0.9995','6','1.25','Yes','+.0000/-.0005','$21.27'
'NP5-6','1/4','6','Yes','1/16','0.062','+.0000/-.0003','$5.37'
'NP6-10','5/64','0.0776','10','13/64','Yes','+.0000/-.0003','$6.25'
'NP6-6','5/64','0.0776','6','13/64','Yes','+.0000/-.0003','$5.37'
'NP7-10','1/4','10','Yes','3/32','0.0933','+.0000/-.0003','$5.37'
'NP7-14','1/4','14','Yes','3/32','0.0933','+.0000/-.0003','$6.99'
'NP7-6','1/4','6','Yes','3/32','0.0933','+.0000/-.0003','$4.86'
'NP8-10','1/4','10','Yes','7/64','0.1089','+.0000/-.0003','$5.68'
'NP8-6','1/4','6','Yes','7/64','0.1089','+.0000/-.0003','$4.86'
'NP9-10','1/8','0.1245','10','1/4','Yes','+.0000/-.0003','$2.97'
'NP9-14','1/8','0.1245','14','1/4','Yes','+.0000/-.0003','$3.40'
'NP9-18','1/8','0.1245','18','1/4','Yes','+.0000/-.0003','$4.06'
'NP9-25','1/8','0.1245','25','1/4','Yes','+.0000/-.0003','$6.89'
'NP9-6','1/8','0.1245','6','1/4','Yes','+.0000/-.0003','$2.65'
'ARS3-6 1/2 OS','0.0357','+.0000/-.0003','Yes','1/32','1/4','6','$15.42'
'ARS3-62 OS','0.0357','+.0000/-.0003','Yes','1/32','1/4','6','$15.42'
'ARS3-82 OS','0.0357','+.0000/-.0003','Yes','1/32','1/4','8','$15.70'
'ARS3-82 OS-1','0.0317','+.0000/-.0003','Yes','1/32','1/4','8','$22.74'
'ARS3-83 OS','0.0357','+.0000/-.0003','Yes','1/32','1/4','8','$16.07'
'ARS4-102 OS','1/4','10','Yes','3/64','0.0514','+.0000/-.0003','$10.60'
'ARS4-6 1/2 OS','1/4','6','Yes','3/64','0.0514','+.0000/-.0003','$8.60'
'ARS4-62 OS','1/4','6','Yes','3/64','0.0514','+.0000/-.0003','$9.36'
'ARS4-82 OS-1','0.0474','+.0000/-.0003','Yes','3/64','1/4','8','$14.70'
'ARS4-82 OS-2','0.0484','+.0000/-.0003','Yes','3/64','1/4','8','$14.70'
'ARS4-82 OS-3','0.0494','+.0000/-.0003','Yes','3/64','1/4','8','$14.70'
'ARS5-102 OS','0.067','+.0000/-.0003','Yes','1/16','1/4','10','$9.82'
'ARS5-104 OS','0.067','+.0000/-.0003','Yes','1/16','1/4','10','$11.08'
'ARS5-6 1/2 OS','0.067','+.0000/-.0003','Yes','1/16','1/4','6','$9.14'
'ARS5-62 OS','0.067','+.0000/-.0003','Yes','1/16','1/4','6','$8.88'
'ARS5-82 OS-1','0.063','+.0000/-.0003','Yes','1/16','1/4','8','$17.26'
'ARS6-102 OS','0.0826','+.0000/-.0003','Yes','5/64','1/4','10','$10.12'
'ARS6-6 1/2 OS','0.0826','+.0000/-.0003','Yes','5/64','1/4','6','$9.20'
'ARS6-62 OS','0.0826','+.0000/-.0003','Yes','5/64','1/4','6','$8.44'
'ARS6-83 OS','0.0826','+.0000/-.0003','Yes','5/64','1/4','8','$10.87'
'ARS7-102 OS','0.0983','+.0000/-.0003','Yes','3/32','1/4','10','$9.31'
'ARS7-6 1/2 OS','0.0983','+.0000/-.0003','Yes','3/32','1/4','6','$8.66'
'ARS7-62 OS','0.0983','+.0000/-.0003','Yes','3/32','1/4','6','$8.17'
'ARS7-82 OS-1','0.0943','+.0000/-.0003','Yes','3/32','1/4','8','$8.72'
'ARS8-102 OS','0.1139','+.0000/-.0003','Yes','7/64','1/4','10','$9.61'
'ARS8-6 1/2 OS','0.1139','+.0000/-.0003','Yes','7/64','1/4','6','$8.66'
'ARS8-62 OS','0.1139','+.0000/-.0003','Yes','7/64','1/4','6','$8.17'
'DSL15-8','1/8','1-3/4','7/32','8','13/32','1/32 Max','$62.85'
'DSL17-10','5/32','2-1/4','1/4','10','7/16','1/32 Max','$51.78'
'DSL17-6','5/32','2-1/4','1/4','6','7/16','1/32 Max','$34.56'
'DSL17-9','5/32','2-1/4','1/4','9','7/16','1/32 Max','$47.20'
'DSL21-6','3/16','2-1/4','5/16','6','1/2','1/32 Max','$35.90'
'DSL21-8','3/16','2-1/4','5/16','8','1/2','1/32 Max','$42.46'
'DSL23-12','7/32','2-1/4','11/32','12','9/16','1/32 Max','$60.94'
'DSL25-13','1/4','2-1/4','3/8','13','5/8','1/32 Max','$73.05'
'DSL29-7','5/16','2-1/4','7/16','7','11/16','1/32 Max','$43.35'
'DSL29-9','5/16','2-1/4','7/16','9','11/16','1/32 Max','$51.14'
'DSL33-11','3/8','2-1/4','1/2','11','3/4','1/32 Max','$62.79'
'SL13-10','3/32','1-3/4','3/16','10','3/8','1/32 Max','$57.15'
'SL13-11','3/32','1-3/4','3/16','11','3/8','1/32 Max','$57.66'
'SL13-3','3/32','1-3/4','3/16','3','3/8','1/32 Max','$36.24'
'SL13-4','3/32','1-3/4','3/16','4','3/8','1/32 Max','$39.54'
'SL13-5','3/32','1-3/4','3/16','5','3/8','1/32 Max','$43.18'
'SL13-6','3/32','1-3/4','3/16','6','3/8','1/32 Max','$46.87'
'SL13-7','3/32','1-3/4','3/16','7','3/8','1/32 Max','$50.91'
'SL13-8','3/32','1-3/4','3/16','8','3/8','1/32 Max','$55.75'
'SL15-10','1/8','1-3/4','7/32','10','13/32','1/32 Max','$58.12'
'SL15-3','1/8','1-3/4','7/32','3','13/32','1/32 Max','$34.97'
'SL15-4','1/8','1-3/4','7/32','4','13/32','1/32 Max','$38.39'
'SL15-5','1/8','1-3/4','7/32','5','13/32','1/32 Max','$42.09'
'SL15-6','1/8','1-3/4','7/32','6','13/32','1/32 Max','$46.13'
'SL15-7','1/8','1-3/4','7/32','7','13/32','1/32 Max','$50.29'
'SL15-8','1/8','1-3/4','7/32','8','13/32','1/32 Max','$54.36'
'SL15-9','1/8','1-3/4','7/32','9','13/32','1/32 Max','$54.89'
'SL17-10','5/32','2-1/4','1/4','10','7/16','1/32 Max','$49.09'
'SL17-11','5/32','2-1/4','1/4','11','7/16','1/32 Max','$55.88'
'SL17-12','5/32','2-1/4','1/4','12','7/16','1/32 Max','$59.15'
'SL17-13','5/32','2-1/4','1/4','13','7/16','1/32 Max','$63.18'
'SL17-14','5/32','2-1/4','1/4','14','7/16','1/32 Max','$67.18'
'SL17-4','5/32','2-1/4','1/4','4','7/16','1/32 Max','$29.32'
'SL17-5','5/32','2-1/4','1/4','5','7/16','1/32 Max','$31.00'
'SL17-6','5/32','2-1/4','1/4','6','7/16','1/32 Max','$33.29'
'SL17-7','5/32','2-1/4','1/4','7','7/16','1/32 Max','$36.24'
'SL17-8','5/32','2-1/4','1/4','8','7/16','1/32 Max','$39.88'
'SL17-9','5/32','2-1/4','1/4','9','7/16','1/32 Max','$44.18'
'SL21-10','3/16','2-1/4','5/16','10','1/2','1/32 Max','$51.31'
'SL21-11','3/16','2-1/4','5/16','11','1/2','1/32 Max','$57.16'
'SL21-12','3/16','2-1/4','5/16','12','1/2','1/32 Max','$63.62'
'SL21-13','3/16','2-1/4','5/16','13','1/2','1/32 Max','$69.68'
'SL21-14','3/16','2-1/4','5/16','14','1/2','1/32 Max','$73.98'
'SL21-4','3/16','2-1/4','5/16','4','1/2','1/32 Max','$30.20'
'SL21-5','3/16','2-1/4','5/16','5','1/2','1/32 Max','$32.10'
'SL21-6','3/16','2-1/4','5/16','6','1/2','1/32 Max','$34.64'
'SL21-7','3/16','2-1/4','5/16','7','1/2','1/32 Max','$37.86'
'SL21-8','3/16','2-1/4','5/16','8','1/2','1/32 Max','$41.75'
'SL21-9','3/16','2-1/4','5/16','9','1/2','1/32 Max','$46.27'
'SL23-10','7/32','2-1/4','11/32','10','9/16','1/32 Max','$53.65'
'SL23-11','7/32','2-1/4','11/32','11','9/16','1/32 Max','$58.10'
'SL23-12','7/32','2-1/4','11/32','12','9/16','1/32 Max','$61.55'
'SL23-13','7/32','2-1/4','11/32','13','9/16','1/32 Max','$65.78'
'SL23-14','7/32','2-1/4','11/32','14','9/16','1/32 Max','$69.78'
'SL23-4','7/32','2-1/4','11/32','4','9/16','1/32 Max','$30.53'
'SL23-5','7/32','2-1/4','11/32','5','9/16','1/32 Max','$32.82'
'SL23-6','7/32','2-1/4','11/32','6','9/16','1/32 Max','$35.57'
'SL23-7','7/32','2-1/4','11/32','7','9/16','1/32 Max','$39.14'
'SL23-8','7/32','2-1/4','11/32','8','9/16','1/32 Max','$43.37'
'SL23-9','7/32','2-1/4','11/32','9','9/16','1/32 Max','$48.22'
'SL25-10','1/4','2-1/4','3/8','10','5/8','1/32 Max','$54.53'
'SL25-11','1/4','2-1/4','3/8','11','5/8','1/32 Max','$60.84'
'SL25-12','1/4','2-1/4','3/8','12','5/8','1/32 Max','$67.71'
'SL25-13','1/4','2-1/4','3/8','13','5/8','1/32 Max','$74.52'
'SL25-14','1/4','2-1/4','3/8','14','5/8','1/32 Max','$78.16'
'SL25-4','1/4','2-1/4','3/8','4','5/8','1/32 Max','$31.05'
'SL25-5','1/4','2-1/4','3/8','5','5/8','1/32 Max','$33.21'
'SL25-6','1/4','2-1/4','3/8','6','5/8','1/32 Max','$36.18'
'SL25-7','1/4','2-1/4','3/8','7','5/8','1/32 Max','$39.82'
'SL25-8','1/4','2-1/4','3/8','8','5/8','1/32 Max','$44.04'
'SL25-9','1/4','2-1/4','3/8','9','5/8','1/32 Max','$49.09'
'SL29-10','5/16','2-1/4','7/16','10','11/16','1/32 Max','$58.37'
'SL29-11','5/16','2-1/4','7/16','11','11/16','1/32 Max','$66.29'
'SL29-12','5/16','2-1/4','7/16','12','11/16','1/32 Max','$72.22'
'SL29-13','5/16','2-1/4','7/16','13','11/16','1/32 Max','$79.24'
'SL29-14','5/16','2-1/4','7/16','14','11/16','1/32 Max','$83.37'
'SL29-4','5/16','2-1/4','7/16','4','11/16','1/32 Max','$32.01'
'SL29-5','5/16','2-1/4','7/16','5','11/16','1/32 Max','$35.45'
'SL29-6','5/16','2-1/4','7/16','6','11/16','1/32 Max','$38.81'
'SL29-7','5/16','2-1/4','7/16','7','11/16','1/32 Max','$42.71'
'SL29-8','5/16','2-1/4','7/16','8','11/16','1/32 Max','$47.27'
'SL29-9','5/16','2-1/4','7/16','9','11/16','1/32 Max','$51.05'
'SL33-10','3/8','2-1/4','1/2','10','3/4','1/32 Max','$62.46'
'SL33-11','3/8','2-1/4','1/2','11','3/4','1/32 Max','$69.26'
'SL33-12','3/8','2-1/4','1/2','12','3/4','1/32 Max','$76.72'
'SL33-13','3/8','2-1/4','1/2','13','3/4','1/32 Max','$82.68'
'SL33-14','3/8','2-1/4','1/2','14','3/4','1/32 Max','$87.00'
'SL33-4','3/8','2-1/4','1/2','4','3/4','1/32 Max','$32.55'
'SL33-5','3/8','2-1/4','1/2','5','3/4','1/32 Max','$38.26'
'SL33-6','3/8','2-1/4','1/2','6','3/4','1/32 Max','$41.83'
'SL33-7','3/8','2-1/4','1/2','7','3/4','1/32 Max','$46.07'
'SL33-8','3/8','2-1/4','1/2','8','3/4','1/32 Max','$50.84'
'SL33-9','3/8','2-1/4','1/2','9','3/4','1/32 Max','$56.43'
'SL37-10','7/16','2-1/4','5/8','10','7/8','1/32 Max','$70.19'
'SL37-11','7/16','2-1/4','5/8','11','7/8','1/32 Max','$77.33'
'SL37-12','7/16','2-1/4','5/8','12','7/8','1/32 Max','$85.00'
'SL37-13','7/16','2-1/4','5/8','13','7/8','1/32 Max','$93.40'
'SL37-14','7/16','2-1/4','5/8','14','7/8','1/32 Max','$98.23'
'SL37-4','7/16','2-1/4','5/8','4','7/8','1/32 Max','$35.04'
'SL37-5','7/16','2-1/4','5/8','5','7/8','1/32 Max','$41.75'
'SL37-6','7/16','2-1/4','5/8','6','7/8','1/32 Max','$48.61'
'SL37-7','7/16','2-1/4','5/8','7','7/8','1/32 Max','$53.06'
'SL37-8','7/16','2-1/4','5/8','8','7/8','1/32 Max','$58.16'
'SL37-9','7/16','2-1/4','5/8','9','7/8','1/32 Max','$63.95'
'SL39-10','1/2','2-1/4','11/16','10','15/16','1/32 Max','$74.30'
'SL39-11','1/2','2-1/4','11/16','11','15/16','1/32 Max','$81.69'
'SL39-12','1/2','2-1/4','11/16','12','15/16','1/32 Max','$89.63'
'SL39-13','1/2','2-1/4','11/16','13','15/16','1/32 Max','$98.91'
'SL39-14','1/2','2-1/4','11/16','14','15/16','1/32 Max','$103.85'
'SL39-4','1/2','2-1/4','11/16','4','15/16','1/32 Max','$36.51'
'SL39-5','1/2','2-1/4','11/16','5','15/16','1/32 Max','$42.84'
'SL39-6','1/2','2-1/4','11/16','6','15/16','1/32 Max','$50.58'
'SL39-7','1/2','2-1/4','11/16','7','15/16','1/32 Max','$55.62'
'SL39-8','1/2','2-1/4','11/16','8','15/16','1/32 Max','$61.25'
'SL39-9','1/2','2-1/4','11/16','9','15/16','1/32 Max','$67.50'
'SL41-10','9/16','2-1/4','3/4','10','1','1/32 Max','$79.21'
'SL41-11','9/16','2-1/4','3/4','11','1','1/32 Max','$87.21'
'SL41-12','9/16','2-1/4','3/4','12','1','1/32 Max','$94.55'
'SL41-13','9/16','2-1/4','3/4','13','1','1/32 Max','$108.86'
'SL41-14','9/16','2-1/4','3/4','14','1','1/32 Max','$114.63'
'SL41-4','9/16','2-1/4','3/4','4','1','1/32 Max','$45.34'
'SL41-5','9/16','2-1/4','3/4','5','1','1/32 Max','$49.76'
'SL41-6','9/16','2-1/4','3/4','6','1','1/32 Max','$54.68'
'SL41-7','9/16','2-1/4','3/4','7','1','1/32 Max','$60.11'
'SL41-8','9/16','2-1/4','3/4','8','1','1/32 Max','$66.04'
'SL41-9','9/16','2-1/4','3/4','9','1','1/32 Max','$72.50'
'SL45-10','5/8','2-1/4','7/8','10','1.125','1/32 Max','$92.21'
'SL45-11','5/8','2-1/4','7/8','11','1.125','1/32 Max','$95.14'
'SL45-12','5/8','2-1/4','7/8','12','1.125','1/32 Max','$105.54'
'SL45-13','5/8','2-1/4','7/8','13','1.125','1/32 Max','$123.06'
'SL45-14','5/8','2-1/4','7/8','14','1.125','1/32 Max','$133.29'
'SL45-4','5/8','2-1/4','7/8','4','1.125','1/32 Max','$51.51'
'SL45-5','5/8','2-1/4','7/8','5','1.125','1/32 Max','$56.22'
'SL45-6','5/8','2-1/4','7/8','6','1.125','1/32 Max','$61.52'
'SL45-7','5/8','2-1/4','7/8','7','1.125','1/32 Max','$67.32'
'SL45-8','5/8','2-1/4','7/8','8','1.125','1/32 Max','$73.55'
'SL45-9','5/8','2-1/4','7/8','9','1.125','1/32 Max','$80.28'
'SL47-10','3/4','2-1/4','1','10','1.25','1/32 Max','$95.21'
'SL47-11','3/4','2-1/4','1','11','1.25','1/32 Max','$108.72'
'SL47-12','3/4','2-1/4','1','12','1.25','1/32 Max','$117.78'
'SL47-13','3/4','2-1/4','1','13','1.25','1/32 Max','$137.68'
'SL47-14','3/4','2-1/4','1','14','1.25','1/32 Max','$145.29'
'SL47-4','3/4','2-1/4','1','4','1.25','1/32 Max','$57.37'
'SL47-5','3/4','2-1/4','1','5','1.25','1/32 Max','$62.46'
'SL47-6','3/4','2-1/4','1','6','1.25','1/32 Max','$68.04'
'SL47-7','3/4','2-1/4','1','7','1.25','1/32 Max','$74.12'
'SL47-8','3/4','2-1/4','1','8','1.25','1/32 Max','$84.62'
'SL47-9','3/4','2-1/4','1','9','1.25','1/32 Max','$92.90'
'CPR-375','0.56','0.125','3/16','.437','3/32 thru 5/32 Diameter Pins','3/8-24','$5.52'
'CPR-500','0.68','0.125','1/4','.437','11/64 thur 9/32 Diameter Pins','1/2-20','$5.52'
'CPR-750','0.93','0.125','3/8','.437','5/16 thru 7/16 Diameter Pins','3/4-16','$5.52'
